Channel,Watch time(Minutes),Stream time(minutes),Peak viewers,Average viewers,Followers,Follower Count,Followers gained,Views gained,Partnered,Mature,Language
Tfue,3671000070,123660,285644,29602,8938903,1,2068424,78998587,TRUE,FALSE,English
shroud,888505170,30240,471281,29612,7744066,1,833587,30621257,TRUE,FALSE,English
Myth,1479214575,134760,122552,9396,6726893,1,1421811,37384058,TRUE,FALSE,English
Rubius,2588632635,58275,240096,42948,5751354,1,3820532,58599449,TRUE,FALSE,Spanish
pokimane,964334055,56505,112160,16026,5367605,1,2085831,45579002,TRUE,FALSE,English
summit1g,6091677300,211845,310998,25610,5310163,1,1370184,89705964,TRUE,FALSE,English
TimTheTatman,2834436990,108780,142067,25664,5265659,1,1244341,50119786,TRUE,TRUE,English
dakotaz,978947160,132615,43397,7112,4520305,1,489250,18504106,TRUE,FALSE,English
Riot Games (riotgames),2674646715,80820,639375,20960,4487489,1,497678,56855694,TRUE,FALSE,English
DrDisrespect,1839882465,73065,97540,23794,4450718,1,825004,43919410,TRUE,FALSE,English
DrLupo,1517612010,172350,90696,8311,4115083,1,567795,47295386,TRUE,FALSE,English
NICKMERCS,3360675195,136275,115633,24181,4074287,1,1089824,46084211,TRUE,FALSE,English
auronplay,2410022550,40575,170115,53986,3983847,1,3966525,41514854,TRUE,FALSE,Spanish
ESL_CSGO,3970318140,517740,300575,7714,3944850,1,703986,106546942,TRUE,FALSE,English
TheGrefg,1757406750,54855,538444,28887,3795667,1,3593081,47094362,TRUE,FALSE,Spanish
SypherPK,1016450160,145230,130401,6553,3611359,1,1118169,26996445,TRUE,FALSE,English
Fortnite,369166335,12030,169084,28584,3558217,1,1163448,21509520,TRUE,FALSE,English
loltyler1,2928356940,122490,89387,22381,3530767,1,951730,51349926,TRUE,FALSE,English
alanzoka,2055003870,103770,89153,19560,3445134,1,1325075,46515698,TRUE,FALSE,Portuguese
xQcOW,6196161750,215250,222720,27716,3246298,1,1734810,93036735,TRUE,FALSE,English
Fresh,1464179820,147660,57431,9728,3135667,1,1875187,25341820,TRUE,FALSE,English
Syndicate,289369785,58695,22845,4281,3000509,1,282047,13227099,TRUE,FALSE,English
Mongraal,492733995,27060,89706,18180,2951980,1,1454481,19515587,TRUE,FALSE,English
Bugha,1324519320,100470,66311,12982,2942212,1,2220765,49441744,TRUE,FALSE,English
MontanaBlack88,2408460990,67740,181600,33514,2911316,1,1101093,37189666,TRUE,TRUE,German
sodapoppin,2329440420,115305,107833,19659,2786162,1,236169,39334821,TRUE,TRUE,English
Faker,492835710,17115,56325,29414,2716270,1,750480,26508938,TRUE,FALSE,Korean
LIRIK,2832930285,128490,89170,21739,2666382,1,199077,50504526,TRUE,FALSE,English
imaqtpie,596368095,167190,26087,3478,2652018,1,50312,13182700,TRUE,FALSE,English
Nightblue3,899215845,118980,17738,7234,2641880,1,175130,19181711,TRUE,FALSE,English
Anomaly,2865429915,92880,125408,12377,2607076,1,1532689,36350662,TRUE,FALSE,English
elded,853049385,110940,44758,7699,2601858,1,1108422,14789437,TRUE,FALSE,Spanish
Castro_1021,1845157080,100215,125133,17779,2411995,1,550678,22672980,TRUE,FALSE,English
Gotaga,1538511315,141675,81644,10750,2401580,1,632118,39591707,TRUE,FALSE,French
Symfuhny,1076179485,137400,45671,7327,2355063,1,704327,18756705,TRUE,TRUE,English
Squeezie,667977780,29775,158972,19260,2149306,1,875678,21128175,TRUE,FALSE,French
cloakzy,748023225,101670,40497,6743,2138294,1,558107,14533643,TRUE,FALSE,English
TSM_Hamlinz,167898480,11055,51989,15483,2137521,1,126150,2268382,TRUE,FALSE,English
CouRageJD,131341275,14010,72100,8717,2115596,1,120434,2874860,FALSE,FALSE,English
Clix,1256647110,89760,81926,12996,2035180,1,1687923,33286370,TRUE,FALSE,English
CDNThe3rd,722562675,134280,55752,4919,2009972,1,167704,15136396,TRUE,FALSE,English
ibai,1412913285,57795,173238,22837,1894953,1,1602088,44178173,TRUE,FALSE,Spanish
Yassuo,1347412425,103905,70587,10531,1878416,1,689957,32362117,TRUE,FALSE,English
SLAKUN10,179262330,9555,48358,18906,1874932,1,1874846,5835029,TRUE,FALSE,Spanish
Loserfruit,212318190,99525,42374,1816,1869993,1,790345,10477877,TRUE,FALSE,English
Cizzorz,125812350,56970,11782,1891,1866339,1,222573,3095942,TRUE,FALSE,English
coscu,622424175,77160,80444,8919,1865296,1,1061265,19438119,TRUE,FALSE,Spanish
wtcN,582125625,77385,73861,7438,1852272,1,566210,25333548,TRUE,TRUE,Turkish
DreamHackCS,1052904720,314595,212201,5001,1801697,1,275934,28759226,TRUE,FALSE,English
OverwatchLeague,805163370,24480,254493,33132,1796619,1,83198,27099682,TRUE,FALSE,English
YoDa,1690237110,135675,123796,12868,1792625,1,383130,38499423,TRUE,FALSE,Portuguese
Gaules,5644590915,515280,387315,10976,1767635,1,1023779,102611607,TRUE,TRUE,Portuguese
Gosu,244854375,64590,16362,3502,1751290,1,185952,9377658,TRUE,FALSE,English
JoshOG,510984165,159300,85051,2957,1748928,1,120782,20688501,TRUE,FALSE,English
benjyfishy,580787955,34350,75491,14423,1739112,1,1455278,20411553,TRUE,FALSE,English
GamesDoneQuick,1619144100,87450,234826,6734,1724316,1,113469,43345080,TRUE,FALSE,English
boxbox,353396640,117720,25314,2717,1717150,1,145809,9971842,TRUE,FALSE,English
Amouranth,618067800,235170,13495,2560,1707804,1,532750,48015117,TRUE,FALSE,English
Aydan,495563580,140595,51268,3507,1701314,1,425036,11009240,TRUE,TRUE,English
s1mple,333097410,24615,34971,12723,1681884,1,740732,20277843,TRUE,FALSE,English
FACEIT TV (faceittv),292881510,35910,145470,9722,1681615,1,23166,17259602,TRUE,FALSE,English
HighDistortion,169501845,105630,20179,1397,1677690,1,61126,5125402,TRUE,FALSE,English
NickEh30,1148114400,117885,85073,9702,1660204,1,1445590,39439261,TRUE,FALSE,English
sneakylol,1149209820,174885,22759,6775,1659108,1,183911,17820367,TRUE,FALSE,English
MrSavage,251627985,33030,31525,6883,1651212,1,734583,9931629,TRUE,FALSE,English
Trymacs,1184154975,107880,50957,10735,1607134,1,582089,21254933,TRUE,FALSE,German
UNLOSTV,304599090,19995,128345,12171,1585519,1,571237,11452750,TRUE,FALSE,Turkish
Asmongold,3668799075,82260,263720,42414,1563438,1,554201,61715781,TRUE,FALSE,English
NOBRU,888211260,38655,132224,22070,1549722,1,1400039,6781403,TRUE,FALSE,Portuguese
KingRichard,472405995,137175,17327,3312,1536757,1,109795,9570639,TRUE,FALSE,English
BobRoss,558170835,238035,11659,2175,1519266,1,216326,7491995,TRUE,FALSE,English
Rainbow6,1031011170,82380,135471,11535,1501197,1,428942,16786627,TRUE,TRUE,English
SolaryFortnite,1223349555,381735,46710,3180,1478270,1,447191,26737542,TRUE,FALSE,French
Trick2g,371417130,132945,28917,2650,1476226,1,115863,8688676,TRUE,TRUE,English
Dyrus,158999070,138300,11338,1123,1474090,1,111,3724340,TRUE,TRUE,English
Nadeshot,440331540,50175,40327,7985,1472104,1,428800,7844647,TRUE,TRUE,English
IzakOOO,717096330,129165,43050,4463,1461767,1,286467,23586902,TRUE,FALSE,Polish
Alexby11,323225055,54810,53526,5331,1448018,1,1145810,8378248,TRUE,FALSE,Spanish
GoldGlove,268632360,119895,22448,2196,1433703,1,23684,16902968,TRUE,FALSE,English
Jahrein,566176425,61890,43683,8929,1422862,1,247212,18410268,TRUE,FALSE,Turkish
RocketLeague,1322448480,33540,206681,36086,1409120,1,412101,57189129,TRUE,FALSE,English
Doublelift,301917225,20370,52584,13364,1389835,1,166536,7617972,TRUE,FALSE,English
nl_Kripp,1470897720,155895,29316,9256,1379123,1,96793,20034033,TRUE,FALSE,English
KendineMuzisyen,567374295,58545,43422,9583,1372290,1,486410,17629667,TRUE,TRUE,Turkish
SovietWomble,187497450,63360,9616,2900,1368076,1,214775,5846971,TRUE,TRUE,English
lilypichu,477949200,56280,33075,8407,1363222,1,657630,14729189,TRUE,FALSE,English
DisguisedToast,277695945,20325,38169,9892,1340283,1,192604,5928269,FALSE,FALSE,English
jukes,628079220,76605,24263,8165,1327059,1,353576,19915875,TRUE,FALSE,Portuguese
forsen,1106781045,109140,33966,10080,1308165,1,164792,18534278,TRUE,TRUE,English
Cellbit,817373955,103095,68813,8264,1293451,1,547018,18105470,TRUE,FALSE,Portuguese
x2Twins,595707975,125745,31874,4167,1288969,1,1035561,15264996,TRUE,FALSE,English
EASPORTSFIFA,313078095,12165,106126,24395,1287954,1,427684,11286667,TRUE,FALSE,English
Greekgodx,561616335,89745,45741,7083,1278824,1,403108,12441822,TRUE,TRUE,English
Chap,550951215,157545,22571,3430,1272899,1,273926,13683195,TRUE,FALSE,English
CohhCarnage,2029212570,175230,43615,11343,1264808,1,124242,38718674,TRUE,FALSE,English
TheRealKnossi,1811696100,56010,288459,24595,1260160,1,1082039,25342894,TRUE,TRUE,German
rewinside,204116820,48420,24167,4455,1259972,1,372220,5349508,TRUE,FALSE,German
Mithrain,530456265,105540,40183,4990,1258713,1,371005,24222810,TRUE,FALSE,Turkish
Rakin,842581305,144510,51854,5333,1258173,1,517248,24523589,TRUE,FALSE,Portuguese
Warframe,262160025,13740,346131,12843,1254031,1,282680,5405191,TRUE,FALSE,English
Voyboy,411274050,80670,21187,4632,1251182,1,139443,8151140,TRUE,FALSE,English
Scarra,864157695,138360,27421,6060,1242014,1,333090,15626904,TRUE,FALSE,English
RakanooLive,289110855,104535,22607,2726,1234662,1,471456,3836302,TRUE,FALSE,Arabic
Loeya,398289900,150495,7955,2635,1233300,1,337821,19024045,TRUE,FALSE,English
Elraenn,726379485,51150,65543,13224,1223076,1,672978,20881140,TRUE,FALSE,Turkish
GRONKH,1017544335,54645,100330,17860,1216020,1,192000,16800930,TRUE,FALSE,German
juansguarnizo,849083325,123780,45631,6039,1204773,1,946280,12708431,TRUE,FALSE,Spanish
Alinity,218509065,90150,17341,2441,1203324,1,255987,13908506,TRUE,FALSE,English
Ampeterby7,254852265,27480,43882,9301,1194476,1,1185647,6513197,FALSE,FALSE,Spanish
JERICHO,280176915,112860,21935,2401,1191987,1,66665,7582522,TRUE,FALSE,English
Twitch,198083340,12015,130795,9190,1189614,1,223168,46395022,TRUE,FALSE,English
moistcr1tikal,415091820,103170,42135,3977,1166681,1,724159,7780736,TRUE,FALSE,English
LCS,1461310140,31125,214124,46459,1162746,1,526244,28313058,TRUE,FALSE,English
CallMeCarsonLIVE,123486240,14340,61531,8208,1151712,1,732108,3533199,TRUE,TRUE,English
chocoTaco,620395515,160830,30514,3846,1134153,1,250201,17922897,TRUE,FALSE,English
bratishkinoff,646333065,60795,56790,10626,1128907,1,389268,25254350,TRUE,FALSE,Russian
bysTaXx,331965075,48945,259210,6210,1093212,1,795296,10207313,TRUE,FALSE,Spanish
jovirone,553283745,96450,29272,5632,1089830,1,300545,17980307,TRUE,FALSE,Portuguese
buster,884353800,59295,97838,14195,1087377,1,1052053,37351933,TRUE,FALSE,Russian
POW3Rtv,721548885,177885,69009,3836,1080764,1,495072,23271722,TRUE,FALSE,Italian
SkipNhO,553663800,131580,23408,3875,1076499,1,281967,13901197,TRUE,FALSE,Portuguese
Evelone192,1474742220,83010,106900,16422,1075101,1,826433,47400543,TRUE,FALSE,Russian
Doigby,428267280,59655,93577,6829,1068260,1,611786,11805401,TRUE,FALSE,French
NateHill,379971075,111555,41610,3311,1055613,1,449635,14221498,TRUE,FALSE,English
ChicaLive,195344370,92445,14928,2045,1041932,1,631422,2776587,TRUE,FALSE,English
StarLadder5,580541850,41715,189859,13089,1029203,1,104382,21525216,TRUE,FALSE,Russian
A_Seagull,407156655,95160,28779,4193,1028544,1,55228,7374161,TRUE,TRUE,English
72hrs,519458565,136515,30702,3756,1024814,1,315190,12051692,TRUE,FALSE,English
KingGothalion,218707740,34875,41994,5792,1015521,1,44907,3349456,TRUE,FALSE,English
RiotGamesBrazil,1228613130,38370,255542,25918,1011924,1,325801,33796768,TRUE,FALSE,Portuguese
TFBlade,1394312895,141285,35833,9117,1008040,1,450146,35978104,TRUE,FALSE,English
Grimmmz,377312595,176580,21993,2153,1001739,1,37734,7803917,TRUE,TRUE,English
Hiko,523057245,79665,41644,5268,1001350,1,479830,11106951,TRUE,FALSE,English
TwitchRivals,516113670,36555,109148,14509,999480,1,644684,71159574,TRUE,FALSE,English
LeBouseuh,214699305,61455,24497,3678,988237,1,351530,4545514,TRUE,FALSE,French
Rammus53,247730100,104520,16370,2217,978645,1,332303,11041262,TRUE,TRUE,Turkish
Nick28T,556741020,183660,15155,3024,977377,1,78054,6777975,TRUE,TRUE,English
LEC,1470431925,45660,305119,28830,973727,1,551345,25924096,TRUE,FALSE,English
Sweet_Anita,155731920,57600,21594,2690,972070,1,510063,7927278,TRUE,TRUE,English
Call of Duty (callofduty),130938960,3645,170131,19897,968465,1,50321,5423366,TRUE,TRUE,English
Yogscast,644580630,443130,54885,1384,961860,1,127684,20999649,TRUE,FALSE,English
DavyJones,199829100,48375,44526,4111,955846,1,454965,10940319,TRUE,FALSE,Portuguese
LCK,1351758525,37140,171861,36030,934688,1,307853,28970100,TRUE,FALSE,English
BeyondTheSummit,1339097490,505080,116547,2635,923689,1,114948,42403593,TRUE,FALSE,English
MOONMOON,1527882945,124680,24892,11220,923448,1,95776,13505898,TRUE,TRUE,English
MarkiLokurasY,200552295,71070,26329,2714,923377,1,417223,7000112,TRUE,FALSE,Spanish
Papaplatte,1105525440,125550,42230,8546,919026,1,552959,23472239,TRUE,FALSE,German
ONSCREEN,1197130335,134880,88516,4134,918654,1,669348,22820310,TRUE,FALSE,English
Amaz,235255500,84525,12652,2764,915023,1,-5405,4237993,TRUE,FALSE,English
RiceGum,144167385,12300,29173,11696,903261,1,388376,2273737,TRUE,FALSE,English
ELoTRiX,319051995,56310,31194,5620,895851,1,318247,5587147,TRUE,TRUE,German
scump,506838930,71355,79976,6789,893010,1,275270,8661072,TRUE,FALSE,English
TheKAIRI78,353046060,50310,47081,6795,885915,1,650990,5134322,TRUE,FALSE,French
Letshe,291144945,80745,28808,3073,884661,1,687813,11561585,TRUE,FALSE,English
lestream,955346835,253395,47638,3652,883706,1,124020,25815105,TRUE,FALSE,French
ZeratoR,1011013035,84960,262273,10516,880728,1,240442,31456198,TRUE,TRUE,French
Giantwaffle,612594165,165525,36340,3429,878934,1,15334,10831070,TRUE,FALSE,English
Stewie2K,151271895,24735,27416,5296,875087,1,289867,5771575,TRUE,TRUE,English
Replays,285932205,140220,16193,1983,871405,1,449727,5185473,TRUE,FALSE,English
hastad,160672260,85545,10888,1812,868738,1,188163,4991368,TRUE,FALSE,Portuguese
Mickalow,305967975,157260,37872,1830,864324,1,260914,8191116,TRUE,FALSE,French
TSM_TheOddOne,181908120,188445,4363,913,864087,1,-15772,6370949,TRUE,FALSE,English
RTGameCrowd,168832200,38685,20354,4259,861594,1,308499,3736356,TRUE,FALSE,English
aceu,744620970,118125,26141,6328,859439,1,763489,15894732,TRUE,TRUE,English
miniminter,189756300,41400,27188,4215,858427,1,588461,16598800,TRUE,FALSE,English
ixxYjYxxi,203102445,37305,15223,5459,857099,1,409932,2378245,TRUE,FALSE,Arabic
UnknownxArmy,333869670,92250,41700,3735,850944,1,836664,11325781,TRUE,FALSE,English
yeTz,408478725,87990,21212,4221,849972,1,281059,10731565,TRUE,FALSE,Portuguese
shongxbong,400635750,50310,94869,7656,845158,1,671127,4198232,TRUE,FALSE,Arabic
Felps,303435945,96930,15553,3109,844681,1,284169,6099521,TRUE,FALSE,Portuguese
AustinShow,509643945,21000,72199,24739,840624,1,378656,11648873,TRUE,TRUE,English
MacieJay,246761880,107805,7318,2249,835787,1,195140,5353692,TRUE,FALSE,English
Maximilian_DOOD,1023316710,110040,43253,9235,833047,1,133195,15517436,TRUE,FALSE,English
Domingo,662502810,65610,102022,11423,829700,1,276400,23040428,TRUE,FALSE,French
Flight23white,216792240,31455,74388,7522,828896,1,704583,2016920,TRUE,FALSE,English
pimpimenta,293014110,164940,20855,1744,828298,1,254312,12258152,TRUE,FALSE,Portuguese
Frankkaster,150181140,30975,49127,4886,826222,1,356711,5878239,TRUE,TRUE,Spanish
PlayHearthstone,661075170,41175,43877,13154,825727,1,39065,28719610,TRUE,FALSE,English
Locklear,619247415,108450,50103,5512,824676,1,469017,17854413,TRUE,FALSE,French
StarLadder_cs_en,1088832810,32880,329195,29956,820675,1,260993,29821162,TRUE,FALSE,English
DansGaming,653181210,187530,33646,3270,817365,1,29415,13757678,TRUE,FALSE,English
Cryaotic,162138405,85785,7169,1727,813371,1,24644,2326058,TRUE,TRUE,English
ElcanaldeJoaco,208060515,20445,48072,8673,810622,1,758797,4893535,TRUE,TRUE,Spanish
IWillDominate,442870530,93480,23813,4591,797244,1,79514,8695968,TRUE,FALSE,English
dizzy,159505395,49125,19262,2997,795869,1,122263,4572893,TRUE,TRUE,English
Monstercat,163589370,519675,14261,313,788684,1,22331,4084222,TRUE,FALSE,English
itsHafu,400822020,123375,34345,3276,787371,1,36756,10008765,TRUE,FALSE,English
FolagorLives,482387190,79995,57813,5032,786983,1,417899,9640983,TRUE,FALSE,Spanish
hardgamechannel,331308960,55125,27529,5711,786562,1,256678,10562872,TRUE,FALSE,Russian
Swagg,790021440,108375,74199,6309,784966,1,723082,7527027,TRUE,FALSE,English
AdmiralBahroo,1188645990,141210,21053,8152,778055,1,72454,12853095,TRUE,FALSE,English
JASONR,193460805,188205,33902,992,777611,1,136800,6183865,TRUE,FALSE,English
Dota2RuHub,1330625430,92160,105359,13189,777510,1,126221,43831479,TRUE,FALSE,Russian
Pengu,182358345,70665,7707,2452,775987,1,241309,5240516,TRUE,TRUE,English
Stray228,972961650,93750,36971,10290,773712,1,197486,23738903,TRUE,FALSE,Russian
Kitboga,656365305,80760,20913,7394,772055,1,331906,8392545,TRUE,FALSE,English
MYM_ALKAPONE,599850495,97830,26221,5948,770535,1,153803,7831334,TRUE,FALSE,Spanish
Froggen,144496815,46710,10648,3024,770030,1,31800,3577064,TRUE,FALSE,English
KingGeorge,472786395,160140,12621,2914,767727,1,250434,6445996,TRUE,FALSE,English
calango,124180125,70155,8380,1736,767187,1,293608,3292645,TRUE,FALSE,Portuguese
aXtLOL,376430955,73815,25340,4991,763886,1,193266,8969210,TRUE,FALSE,Portuguese
TSM_Viss,316437645,117795,18844,2668,762778,1,101135,7091125,TRUE,FALSE,English
Thijs,794621265,108720,24923,7180,755116,1,68557,15548337,TRUE,FALSE,English
Sardoche,1361024835,164235,144066,8066,746865,1,370358,32261961,TRUE,TRUE,French
zEkO,193867860,44970,21313,4440,743040,1,370683,5338943,TRUE,TRUE,Spanish
gratis150ml,356697420,198075,9601,1801,741652,1,129328,12187175,TRUE,FALSE,Portuguese
Pimpeano,170116395,21420,38592,6469,740343,1,665323,3744461,TRUE,TRUE,Spanish
BrookeAB,135540690,48705,24357,2777,737161,1,247335,6936235,TRUE,FALSE,English
PUBG,159140235,32865,35922,4647,733628,1,78929,4783744,TRUE,FALSE,English
ProfessorBroman,157325925,154635,12676,955,732192,1,22714,3579571,TRUE,TRUE,English
scoped,330160515,63360,47343,5165,731808,1,728892,8279834,TRUE,TRUE,English
Vicens,146199795,26115,30628,5739,730679,1,724245,4110592,TRUE,FALSE,Spanish
RobertoCein,149162865,114120,15249,1270,730326,1,422842,2907888,TRUE,TRUE,Spanish
Trainwreckstv,1021699920,148425,49379,7134,728097,1,379973,12449595,TRUE,TRUE,English
FFearFFul,162232935,36165,116245,5305,727059,1,492841,2041776,TRUE,FALSE,Arabic
WankilStudio,179581950,17235,28866,10173,726730,1,274734,5141210,TRUE,FALSE,French
MckyTV,247481385,65025,49791,3599,722041,1,256660,9947455,TRUE,FALSE,German
RealKraftyy,135181170,108585,19953,1235,710277,1,21198,4102026,TRUE,FALSE,English
Shiphtur,420316860,118410,19688,3414,709343,1,58604,7906425,TRUE,FALSE,English
k1ng,163381335,36540,52558,4365,706537,1,614383,6210317,TRUE,FALSE,Spanish
KYR_SP33DY,184233300,95055,6607,1879,706212,1,66637,2451110,TRUE,FALSE,English
Towelliee,453487500,183090,15495,2392,705098,1,21398,17009119,TRUE,FALSE,English
Elwind,421436625,58965,18270,7165,703464,1,200170,14369324,TRUE,FALSE,Turkish
EmadGG,487281450,132630,67732,2741,702744,1,623391,9556065,TRUE,FALSE,English
TobiasFate,159172080,127740,4681,1233,701822,1,49134,5210466,TRUE,FALSE,English
Reborn_Live,578122875,32100,57849,17488,697007,1,682512,9965787,TRUE,TRUE,Spanish
AdmiralBulldog,972317520,154845,16681,6198,694253,1,66513,17095676,TRUE,TRUE,English
Perxitaa,251497200,30330,55418,8010,689582,1,669977,7036771,TRUE,FALSE,Spanish
KamoLRF,269229795,66330,19264,3948,688868,1,184854,5731570,TRUE,FALSE,German
ElRichMC,288441015,31155,95938,9062,688715,1,431071,8120275,TRUE,FALSE,Spanish
JesusAVGN,306076605,78315,43859,3838,682899,1,181914,13548535,TRUE,FALSE,Russian
alexelcapo,418413015,72930,74670,5772,680023,1,211908,13364167,TRUE,FALSE,Spanish
DreadzTV,715644660,109725,35865,6249,675908,1,57448,32228705,TRUE,TRUE,Russian
Sacriel,1002681105,163095,66781,5573,672403,1,136341,60194490,TRUE,FALSE,English
pokelawls,407214675,118335,22496,3352,668807,1,182123,5999354,TRUE,FALSE,English
MarkitoNavaja,149407365,28410,26584,5070,665430,1,641813,3159593,TRUE,FALSE,Spanish
GTimeTV,232140015,187335,14110,1022,665021,1,155419,5838039,TRUE,TRUE,German
dota2ti,1017577605,6315,483530,147643,663297,1,121422,16228039,TRUE,FALSE,English
Brunenger,559915035,183225,64308,2844,659652,1,649562,12736000,TRUE,FALSE,Spanish
INSCOPE21TV,468467130,59925,51244,7554,658658,1,491663,10630158,TRUE,TRUE,German
fl0m,379633995,188070,19318,1931,658323,1,183265,11489901,TRUE,FALSE,English
PatoPapao,286740930,100470,11694,2795,656860,1,116753,8955254,TRUE,FALSE,Portuguese
RiotGamesTurkish,177746055,23835,36258,7414,651994,1,49244,9998277,TRUE,FALSE,Turkish
Llobeti4,402468465,112545,37469,3410,648084,1,606080,9957496,TRUE,FALSE,Spanish
Patriota,124595820,64305,29435,1951,646758,1,344213,3707623,TRUE,FALSE,Portuguese
bytarifaaa,228077640,15390,121009,13435,638657,1,629175,3651549,TRUE,FALSE,Spanish
BarcaGamer,141736230,119565,57917,1234,636568,1,548578,3012949,TRUE,FALSE,Spanish
Arteezy,240834885,12285,31009,19681,634982,1,99726,3776042,TRUE,TRUE,English
ImMarksman,142168560,77430,11141,1889,633443,1,152094,1311402,TRUE,FALSE,English
StreamerHouse,199501650,496545,12609,402,630255,1,10659,2800864,TRUE,FALSE,English
berkriptepe,167325930,32790,24573,4103,622358,1,281667,5508199,TRUE,FALSE,Turkish
AnneMunition,162714930,99345,37236,1586,621921,1,65910,10222790,TRUE,FALSE,English
LCK_Korea,1916365860,47325,140557,39848,619382,1,255088,76225485,TRUE,FALSE,Korean
ilMasseo,204889125,92370,8980,2184,617665,1,436741,4364008,TRUE,FALSE,Italian
Pestily,1659741015,138300,168112,8481,616168,1,520342,24029726,TRUE,FALSE,English
Swifty,229431480,122160,19884,1572,615027,1,71011,8647522,TRUE,FALSE,English
SilverName,1006608690,95625,29927,10618,614395,1,108466,27464678,TRUE,FALSE,Russian
DizzyKitten,127398990,80100,10080,1584,613135,1,54653,8960383,TRUE,FALSE,English
Skadoodle,225401640,89955,30357,2318,611890,1,219104,5373229,TRUE,TRUE,English
FEDMYSTER,245399790,24945,35011,9086,609723,1,284967,5176805,TRUE,FALSE,English
Amar,449223195,100800,45549,4207,604374,1,281928,11787544,TRUE,FALSE,German
LITkillah,122524635,13560,21359,9104,601927,1,562691,2162107,TRUE,FALSE,Spanish
Crayator,143191365,75165,4911,1796,599828,1,177501,3865293,TRUE,FALSE,English
dafran,408885990,92565,19611,4319,599036,1,142689,7944645,TRUE,FALSE,English
bateson87,342162660,98730,20204,3344,598678,1,254821,16648694,TRUE,FALSE,English
Skyyart,356907810,111165,32577,2311,598579,1,239491,8203617,TRUE,FALSE,French
SkyrrozTV,215122605,85890,17061,2185,597890,1,216436,6233611,TRUE,FALSE,French
TrU3Ta1ent,254345355,113745,10901,2204,595939,1,101235,6614948,TRUE,FALSE,English
dogdog,622199835,103335,24727,5856,594239,1,50345,12089717,TRUE,FALSE,English
Warcraft,127646610,10005,51972,13741,593564,1,31688,6635421,TRUE,FALSE,English
Mizkif,1052047935,123120,32671,7899,591653,1,365303,13585178,TRUE,FALSE,English
우왁굳 (woowakgood),650364705,158850,14177,4100,591500,1,207575,18626351,TRUE,FALSE,Korean
LVPes,1115650275,90960,233009,12947,587677,1,158934,51523747,TRUE,FALSE,Spanish
Staryuuki,127219620,77040,5530,1467,586475,1,530306,5418113,TRUE,FALSE,Spanish
landonorris,209499930,30120,97550,6524,584831,1,457635,12694726,TRUE,FALSE,English
xChocoBars,185905980,96300,37216,1917,583881,1,107350,8679867,TRUE,FALSE,English
서새봄냥 (saddummy),1241997345,182310,25482,6681,580794,1,97615,30550147,TRUE,FALSE,Korean
SirhcEz,174824130,133410,5928,1279,579629,1,34334,3081725,TRUE,FALSE,English
PietSmiet,387717165,84495,39004,4147,576903,1,122061,11483357,TRUE,FALSE,German
AlpTV,178729455,38625,33059,2913,576276,1,257474,6685553,TRUE,FALSE,Turkish
ESL_CSGOb,325637220,52530,89949,5114,575769,1,183662,13742820,TRUE,FALSE,English
brax,204330900,26010,28736,5295,574927,1,282648,4449212,TRUE,FALSE,English
Jankos,274889760,45045,18826,5858,573657,1,271355,9284513,TRUE,FALSE,English
Xayoo_,575138175,91260,23935,6091,572789,1,215098,12984472,TRUE,FALSE,Polish
singsing,346171920,126795,11839,2735,572005,1,45761,6526670,TRUE,TRUE,English
CriticalRole,539495145,21300,110800,17689,571210,1,237069,7827030,TRUE,FALSE,English
Destiny,650910525,162690,24101,3894,571183,1,115692,8579344,TRUE,TRUE,English
hashinshin,515812965,192255,12540,2483,570621,1,159892,11386166,TRUE,FALSE,English
Kamet0,600882645,130620,70983,4560,565661,1,221911,14071951,TRUE,FALSE,French
olyashaa,187722975,77730,9142,2296,559877,1,138621,14210392,TRUE,FALSE,Russian
Kephrii,245934495,165135,8709,1297,559647,1,102990,5923710,TRUE,FALSE,English
ALOHADANCETV,312898725,70320,18317,4288,555334,1,92209,12461610,TRUE,TRUE,Russian
AndyMilonakis,122311065,104745,10543,1153,547446,1,109111,3926918,TRUE,FALSE,English
Dementardo,166850715,35445,15476,4663,547154,1,465321,2419659,TRUE,FALSE,Spanish
DanucD,278223765,135030,4439,2045,546052,1,223147,12048648,TRUE,FALSE,English
Rush,412717875,86265,15405,4731,542991,1,120906,7575905,TRUE,FALSE,English
Savjz,298693050,86205,12708,3401,542892,1,13967,4072337,TRUE,FALSE,English
ludwig,525883695,94575,60346,5368,542580,1,505089,8508355,TRUE,FALSE,English
dota2ti_ru,812538090,6195,457060,126232,541644,1,108438,12068376,TRUE,FALSE,Russian
Quin69,1186941750,174270,36742,6616,538532,1,87860,19512632,TRUE,TRUE,English
A1taOda,269877405,140625,11974,1844,537519,1,67361,10306828,TRUE,FALSE,Russian
thedarkness,280707810,155595,7440,1914,536792,1,138160,7628946,TRUE,FALSE,Portuguese
SmiteGame,586925850,344055,33245,1588,535211,1,73678,8305604,TRUE,FALSE,English
innocents,135250410,83790,13654,1557,534759,1,279080,3488587,TRUE,TRUE,English
HoneyMad,434971635,67995,21369,6394,533250,1,74407,14755893,TRUE,TRUE,Russian
Datto,181075290,71400,82047,2122,530822,1,89739,4566171,TRUE,TRUE,English
ziGueira,407188275,117555,36519,3203,529814,1,212042,7967420,TRUE,FALSE,Portuguese
Zerkaa,140243025,51000,11192,2571,529504,1,373720,2530852,TRUE,FALSE,English
natalan,152469705,60510,9561,2240,529357,1,462674,2737155,TRUE,TRUE,Spanish
RayNarvaezJr,133649520,82605,6611,1589,528396,1,29068,2180691,TRUE,TRUE,English
Philza,202591425,62925,24611,2991,527540,1,292543,5158370,TRUE,FALSE,English
Nikolarn,293952480,129510,30044,2279,526389,1,214216,3964166,TRUE,FALSE,English
OgamingLoL,1483207890,496950,204491,3020,523758,1,115965,71583995,TRUE,FALSE,French
ybicanoooobov,938816460,114765,17036,8255,523512,1,101937,16237397,TRUE,FALSE,Russian
VGBootCamp,181431360,77085,97791,1534,521938,1,24798,5491154,TRUE,FALSE,English
Diegosaurs,558587535,128580,32463,4150,521201,1,270255,9851921,TRUE,TRUE,English
ThaldrinLol,188750280,112095,11305,1671,521166,1,95126,7822019,TRUE,FALSE,Turkish
TeePee,789698115,170010,78741,4410,520519,1,238257,17102146,TRUE,TRUE,English
Mendo,226473345,99480,25321,1959,518090,1,176007,5487693,TRUE,TRUE,English
B0aty,510323715,151215,22375,3152,516113,1,49577,8448691,TRUE,TRUE,English
ZanoXVII,610609920,95730,30648,6073,514866,1,322929,6034891,TRUE,FALSE,Italian
EWROON,526660590,101235,21341,5172,514693,1,232079,13289271,TRUE,FALSE,Polish
DuendePablo,152343585,133290,10121,1101,514073,1,118567,4216188,TRUE,FALSE,Spanish
FORMAL,369971310,137190,16518,2391,512592,1,176173,4803076,TRUE,FALSE,English
julien,132054690,80895,15150,1685,511861,1,177756,4880209,TRUE,FALSE,English
CSRuHub,540556545,110880,106003,5044,511431,1,121099,23271913,TRUE,FALSE,Russian
MANvsGAME,142696875,65775,5831,2103,510330,1,2336,2713787,TRUE,TRUE,English
Fextralife,3301867485,147885,68795,18985,508816,1,425468,670137548,TRUE,FALSE,English
BastiGHG,410621295,144135,10455,2733,507730,1,236118,8093220,TRUE,FALSE,German
강지 (rkdwl12),353381040,141450,29993,2484,507418,1,270927,12873339,TRUE,FALSE,Korean
39daph,509052375,135495,12648,3766,505362,1,470589,8983449,TRUE,FALSE,English
GMHikaru,554249955,68355,46106,7155,505361,1,425023,20086431,TRUE,FALSE,English
Emongg,379682235,155910,21922,2228,504653,1,156093,5794763,TRUE,FALSE,English
SummonersInnLive,499421415,64875,110095,6328,503346,1,46779,13724263,TRUE,FALSE,German
Aa9skillz,148596180,49035,11843,2885,502696,1,142789,2373012,TRUE,FALSE,English
LPL,850636305,48765,146577,17573,502467,1,280538,31029241,TRUE,FALSE,English
BLASTPremier,753808200,25260,113167,24689,501371,1,315910,21104122,TRUE,FALSE,English
Day9tv,139556325,64500,5597,2140,496790,1,13344,2495558,TRUE,FALSE,English
TheRealMarzaa,142547775,93015,12525,1505,495558,1,258153,2909149,TRUE,FALSE,Italian
亞洲統神 (asiagodtonegg3be0),284354865,63645,18594,4426,494643,1,22853,11106574,TRUE,FALSE,Chinese
풍월량 (hanryang1125),2186662470,181230,26999,12201,494445,1,92205,34405975,TRUE,FALSE,Korean
Solary,1546597380,486510,24470,3187,493207,1,143569,48799554,TRUE,FALSE,French
csgomc_ru,1308967860,77955,364816,17020,492954,1,447601,42952835,TRUE,FALSE,Russian
jakenbakeLIVE,289531305,120435,23432,2375,489623,1,116554,7920696,TRUE,FALSE,English
AdzTV,206255820,137250,11247,1443,489577,1,167548,4236933,TRUE,FALSE,French
탬탬버린 (2chamcham2),490230510,95055,16243,5107,489270,1,144698,13076008,TRUE,FALSE,Korean
P4wnyhof,221823735,181830,7196,1205,489174,1,6719,6891131,TRUE,FALSE,German
pqueen,243465255,88965,11976,2602,485787,1,328149,8544093,TRUE,FALSE,Turkish
blxckoutz,314656260,152970,18483,2566,482061,1,402587,8381945,TRUE,FALSE,Portuguese
JonVlogs,212114490,81180,21617,2239,480299,1,261559,3260166,TRUE,FALSE,Portuguese
mistermv,476597370,71655,39961,6627,479900,1,150486,12959273,TRUE,TRUE,French
caps,194376465,17865,26754,10170,479368,1,270611,6373471,TRUE,FALSE,English
LosPollosTV,411900525,69900,54323,5671,476096,1,138468,6201733,TRUE,FALSE,English
bmkibler,241615470,103230,15034,2247,475075,1,23971,5087052,TRUE,FALSE,English
Wingsofdeath,202858185,144150,7176,1343,473157,1,6267,2534023,TRUE,FALSE,English
EsfandTV,888938940,189045,29597,4393,471970,1,216021,24144005,TRUE,FALSE,English
MenosTrece,162738420,107700,7132,1481,470873,1,190155,5465173,TRUE,FALSE,Spanish
HasanAbi,1339344945,193560,44649,6543,470123,1,340810,14154952,TRUE,FALSE,English
Sev7n,197315655,183630,31836,1037,469944,1,225963,7453572,TRUE,FALSE,Portuguese
침착맨 (zilioner),601906185,97545,43164,5843,465887,1,121506,18265409,TRUE,FALSE,Korean
BruceGrannec,234104805,78270,11287,3011,463188,1,95268,5973378,TRUE,FALSE,French
Anthony_Kongphan,316366395,163920,49085,1858,462128,1,44534,6805829,TRUE,FALSE,English
m0xyy,384746505,136095,25387,2431,461534,1,269311,6207063,TRUE,FALSE,English
aDrive,255087615,101085,14637,1692,461081,1,117274,3858228,TRUE,FALSE,English
AnniTheDuck,140975745,53220,7894,2533,460463,1,263210,7336341,TRUE,TRUE,German
Sfory,612617325,73590,75219,3197,457502,1,450299,12391816,TRUE,FALSE,Russian
Nmplol,429213420,63870,24687,6767,455444,1,130564,8859183,TRUE,FALSE,English
XEWER,315398565,189315,17100,1660,455056,1,215059,6449741,TRUE,FALSE,French
Manyrin,249488880,109125,17140,2284,449520,1,146381,11128490,TRUE,FALSE,Russian
MasterSnakou,225243465,124275,12948,1786,448316,1,73137,6565757,TRUE,FALSE,French
老皮 (mobilmobil),652685055,126120,16497,5303,446426,1,34362,20520762,TRUE,TRUE,Chinese
Vinesauce,536989080,86790,19065,6125,442493,1,80616,5560969,TRUE,TRUE,English
goncho,162817050,61770,18091,2431,442412,1,236558,6156791,TRUE,TRUE,Spanish
PainLivestream,145610160,89775,15002,1635,435872,1,81619,2283772,TRUE,TRUE,German
Lord_Kebun,1943299035,153720,34830,12367,434200,1,137215,19645967,TRUE,FALSE,English
SparkofPhoenixTV,148192215,92400,15792,1462,433078,1,195208,3537808,TRUE,FALSE,German
trihex,144608640,121515,21721,1157,431935,1,29678,5777172,TRUE,TRUE,English
LuluLuvely,229749045,107070,10110,2178,431852,1,360592,6019198,TRUE,FALSE,English
Annoying,250297065,64290,17361,3884,431285,1,158587,1799471,TRUE,FALSE,English
sips_,325731015,108990,7872,2984,430755,1,84034,4331397,TRUE,TRUE,English
FollowGrubby,451910415,132015,15296,3365,430649,1,46282,12249560,TRUE,FALSE,English
MatteoHS,169885590,141525,5827,1176,428553,1,221153,4537952,TRUE,FALSE,Italian
dota2mc_ru,1464683175,66675,182869,19495,428284,1,156721,38774178,TRUE,FALSE,Russian
오킹 (obm1025),346276365,96000,19328,3563,428179,1,244442,8920133,TRUE,FALSE,Korean
JLTomy,1228169940,121455,42079,10053,428073,1,277529,13890640,TRUE,FALSE,French
괴물쥐123 (tmxk319),857951685,116400,71933,7173,427926,1,367486,17151766,TRUE,FALSE,Korean
ElmiilloR,686456910,126105,45726,5163,426716,1,189847,20714971,TRUE,FALSE,Spanish
Baiano,859718520,85860,107069,9229,425797,1,363343,19412227,TRUE,FALSE,Portuguese
PAGO3,402836460,156135,20284,2326,425072,1,150470,12693893,TRUE,FALSE,Polish
Vader,1110952500,184305,16289,5913,424374,1,57681,11535871,TRUE,TRUE,English
RATIRL,649761570,145050,14480,4420,423002,1,249048,14109245,TRUE,TRUE,English
UberHaxorNova,615472275,181950,7808,3247,421256,1,65267,7518457,TRUE,FALSE,English
iklooode25,140170155,21360,42463,7265,418710,1,354335,1443848,TRUE,FALSE,Arabic
AntoineDanielLive,238217145,54870,16671,3964,416920,1,272263,6778234,TRUE,FALSE,French
QuickyBaby,255820995,118710,11077,2207,416329,1,45998,5642381,TRUE,FALSE,English
RocketBeansTV,360858030,518415,5223,696,416018,1,27024,5973152,TRUE,FALSE,German
견자희 (wkgml),168416325,76140,10656,2210,415795,1,150813,6013389,TRUE,FALSE,Korean
Agraelus,779867430,169515,23555,4642,414951,1,132125,20334558,TRUE,TRUE,Czech
grafo,172499415,111105,7165,1544,414577,1,173024,5627155,TRUE,FALSE,Spanish
WELOVEGAMES,328935150,116520,27956,2761,413458,1,49713,23682775,TRUE,FALSE,Russian
TrilluXe,210899220,79170,27943,2095,412495,1,95629,7212835,TRUE,FALSE,German
AlphaCast,281533785,84165,28898,3046,411993,1,152951,8864009,TRUE,TRUE,French
Uthenera,154125945,77475,9460,2106,411346,1,99872,4832180,TRUE,FALSE,Turkish
WeAreTheVR,206446935,75975,20851,2688,410814,1,85526,9512134,TRUE,TRUE,Hungarian
Herdyn,150266550,123060,4254,1180,410224,1,91098,5639711,TRUE,TRUE,Czech
Fairlight_Excalibur,199826220,163650,19156,1208,408958,1,5162,1645770,TRUE,FALSE,English
Kandyland,157882170,86745,9203,1748,405554,1,202294,11207571,TRUE,TRUE,English
Method,905107560,230940,148350,4135,401400,1,132108,22813009,TRUE,FALSE,English
GarenaTW,273964050,12435,85416,22130,401222,1,21388,7818029,TRUE,FALSE,Chinese
IamCristinini,262492530,135240,7943,1906,398634,1,218848,12690137,TRUE,FALSE,Spanish
FifaTargrean,231025755,170820,6721,1353,396862,1,66121,7798628,TRUE,FALSE,Thai
CooLifeGame,234307740,47010,15459,4415,395859,1,167356,5764214,TRUE,FALSE,Spanish
Timmac,294663825,191970,13500,1460,393639,1,32867,4232938,TRUE,FALSE,English
ClintStevens,189206565,40125,15223,4445,393432,1,102753,2303521,TRUE,FALSE,English
imls,460332570,78945,32758,5621,392024,1,177673,8610645,TRUE,FALSE,English
Gorgc,1252711830,141135,56449,8683,391726,1,136943,20882507,TRUE,TRUE,English
makataO,177510525,182775,12292,910,391656,1,137135,7336811,TRUE,FALSE,Russian
SoloRenektonOnly,215806260,122985,5118,1735,391603,1,74554,4581141,TRUE,FALSE,English
bazattak007,158951265,87330,11217,1630,391413,1,322355,4835861,TRUE,FALSE,Spanish
FPSThailand,351025410,158640,38563,2260,390579,1,74894,18596656,TRUE,FALSE,Thai
tarzaned,306010080,72390,14602,4159,388878,1,172683,7744943,TRUE,TRUE,English
CarTmaNzbs,176608230,96615,7809,1793,386948,1,65268,13183429,TRUE,FALSE,Russian
Conterstine,283398825,92805,18090,2557,386804,1,375789,5308302,TRUE,FALSE,Spanish
한동숙 (handongsuk),1621667925,127815,44976,12869,385250,1,73602,30610352,TRUE,FALSE,Korean
NoWay4u_Sir,1234567245,139920,24286,8479,383892,1,108832,23037239,TRUE,FALSE,German
ROSHTEIN,1435735725,118995,45843,11717,381918,1,242369,17836875,FALSE,TRUE,English
Reverse2k,162618315,181665,14160,925,380488,1,155158,3906784,TRUE,FALSE,English
cdewx,284645955,139140,23448,1904,380159,1,50596,8015709,TRUE,FALSE,English
Peereira7,198252765,133800,14532,1377,377689,1,361206,6222094,TRUE,TRUE,Spanish
Sco,157847640,57690,15241,1790,375911,1,32463,10361325,TRUE,FALSE,English
Homyatol,378734925,70725,26274,4826,375749,1,249186,6981248,TRUE,TRUE,Italian
Videoyun,132320235,123345,8057,1030,375697,1,85165,8078109,TRUE,FALSE,Turkish
LobosJr,163736505,121335,12709,1332,375646,1,27173,3970888,TRUE,TRUE,English
餐餐自由配 (blusewilly_retry),618755280,100515,17585,5941,374480,1,42764,18366224,TRUE,FALSE,Chinese
forever,178945815,29625,53702,5300,373484,1,360874,2863254,TRUE,FALSE,Portuguese
1DrakoNz,249476295,99180,15242,2655,373375,1,252999,6950267,TRUE,TRUE,Portuguese
Jinnytty,569601090,151815,15190,3607,372334,1,213291,15165872,TRUE,FALSE,English
KabajiOW,254772135,72240,13865,3252,369667,1,87338,4098475,TRUE,TRUE,English
itmeJP,306920835,145950,24603,2079,369273,1,6134,10677522,TRUE,FALSE,English
boyMinORu,376358805,142830,22141,2717,367223,1,73551,17822170,TRUE,TRUE,Thai
ANGRYPUG,360278835,184845,9822,1892,366463,1,48331,4962556,TRUE,TRUE,English
Magic,362552205,43350,114234,5123,365714,1,50355,18694298,TRUE,FALSE,Spanish
머독 (ajehr),252452325,76575,11117,3292,362794,1,86655,5623906,TRUE,FALSE,Korean
앰비션_ (lol_ambition),639445965,113415,57254,5332,362297,1,108498,17248420,TRUE,FALSE,Korean
ReventXz,286819950,84330,47282,3073,362062,1,219868,8050871,TRUE,FALSE,Spanish
HusKerrs,425044665,107610,39433,3247,361360,1,288952,6298662,TRUE,FALSE,English
zorlaKOKA,124241010,100050,4977,1247,361102,1,83418,7654224,TRUE,FALSE,Portuguese
MoMaN,244502235,145755,16550,1363,360418,1,120693,8390437,TRUE,TRUE,French
Northernlion,242833140,60855,9312,3968,359260,1,22629,3384340,TRUE,FALSE,English
EFEUYGAC,141455130,38910,14481,3700,358498,1,297215,5234400,TRUE,TRUE,Turkish
Becca,174842160,115200,11405,1500,357844,1,56356,4198030,TRUE,FALSE,English
JeelTV,182390235,99870,7302,1768,357385,1,276765,6668409,TRUE,FALSE,French
10000DAYS,171293220,131565,11193,1255,356683,1,158473,10528149,TRUE,FALSE,Turkish
karavay46,139258050,33045,48331,4037,354734,1,301941,8457221,TRUE,FALSE,Russian
stylishnoob4,1029543660,118515,25263,8485,354579,1,124038,20638084,TRUE,FALSE,Japanese
Tumblurr,322841490,81210,17165,3846,353687,1,236441,4008897,TRUE,FALSE,Italian
미라지 (mirage720),160163880,94005,30706,1638,352412,1,122225,5107789,TRUE,FALSE,Korean
harbleu,266439435,65775,13230,3926,349467,1,112349,3527460,TRUE,FALSE,English
DreamLeague,411414600,244560,147514,1751,349054,1,61032,7424007,TRUE,FALSE,English
FantaBobShow,128845890,65565,8248,1936,348598,1,86339,3598696,TRUE,TRUE,French
CapcomFighters,181252125,23850,84858,5684,348447,1,20205,12878708,TRUE,FALSE,English
Dmitry_Lixxx,161818335,51600,26715,3006,347824,1,332931,8549523,TRUE,FALSE,Russian
WePlayEsport_RU,853324635,92970,115737,8627,346934,1,243137,28789066,TRUE,FALSE,Russian
태준이 (dlxowns45),182309400,79620,10549,2023,346631,1,124060,5444952,TRUE,FALSE,Korean
Elajjaz,726000045,145755,13080,4922,346566,1,37883,12800182,TRUE,FALSE,English
Naru,127650015,39825,13744,3045,344859,1,123779,5321664,TRUE,FALSE,Turkish
SoyPan,129903855,132840,13884,954,343191,1,162018,2167760,TRUE,FALSE,Spanish
mL7support,260845395,115380,9038,2124,342850,1,140872,5387428,TRUE,FALSE,English
jean_mago,261252810,113445,11418,2012,342691,1,269837,7609872,TRUE,FALSE,Portuguese
StarCraft,130159470,14850,56109,6636,342409,1,22130,4110003,TRUE,FALSE,English
just_ns,376209315,93615,37023,3969,341549,1,66811,12351240,TRUE,FALSE,Russian
NairoMK,335695215,106200,22074,3054,339545,1,69474,6132895,TRUE,FALSE,English
Gladd,543954570,171195,54477,2779,337972,1,157424,9290817,TRUE,FALSE,English
ESL_DOTA2,661049190,212010,99858,4714,337177,1,91323,14784068,TRUE,FALSE,English
fuslie,178245645,67560,45247,2504,336394,1,116757,7152158,TRUE,FALSE,English
AvoidingThePuddle,309117315,80955,13108,3893,336181,1,67040,4202354,TRUE,TRUE,English
hexy,186060390,90495,14020,2092,336093,1,20006,2855592,TRUE,FALSE,English
Jerma985,269372580,57495,15921,4773,334594,1,92752,3411872,TRUE,TRUE,English
Sykkuno,272813670,91035,29658,2530,334591,1,305734,5285377,TRUE,FALSE,English
Harmii,140304750,116130,7200,1159,333858,1,168452,3556031,TRUE,FALSE,German
接接 (godjj),544706325,126705,12461,4378,331744,1,19325,20264128,TRUE,FALSE,Chinese
Surefour,124056555,53145,7911,2289,331662,1,46991,2066041,TRUE,TRUE,English
Shlorox,625142130,115650,13945,5216,331632,1,77979,13181386,TRUE,FALSE,German
Mixwell,238993935,52905,23552,4219,331208,1,271798,6539837,TRUE,FALSE,Spanish
BotezLive,283479405,115845,36278,1985,330772,1,280964,12851602,TRUE,FALSE,English
midbeast,324433515,118005,16153,2652,330060,1,143256,10000927,TRUE,FALSE,English
Maghla,175236000,77505,16695,2124,329065,1,234216,6831650,TRUE,TRUE,French
mang0,202842615,140325,24391,1403,328671,1,53694,3077795,TRUE,TRUE,English
melharucos,468792120,130275,13825,3519,328473,1,59167,17845821,TRUE,TRUE,Russian
orslok,173607810,52005,21759,3082,327888,1,269085,5048873,TRUE,FALSE,Spanish
StereOnline,327697680,400770,4227,785,327645,1,91352,4620985,TRUE,FALSE,Portuguese
Chess,521511525,96315,83666,5767,326118,1,181232,84500786,TRUE,FALSE,English
SkipNhOLIVE,600910875,498765,7940,1196,324765,1,271487,6544645,TRUE,FALSE,Portuguese
R6esportsBR,246712590,47100,60386,4021,323856,1,98848,5855733,TRUE,FALSE,Portuguese
modestal,316203420,55455,25985,5660,323364,1,193939,11440074,TRUE,FALSE,Russian
따효니 (ddahyoni),711864630,152445,17253,4534,322895,1,46946,15586820,TRUE,FALSE,Korean
xTheSolutionTV,172316145,78030,16093,2027,320629,1,103800,2778565,TRUE,FALSE,German
Alderiate,227675805,69030,11480,3337,319860,1,80730,5471250,TRUE,FALSE,French
MrBboy45,191523465,110835,9408,1659,318995,1,57504,6445684,TRUE,FALSE,French
XBOCT,173672880,35970,20110,4473,318230,1,78529,5635774,TRUE,FALSE,Russian
Broxah,212141310,46605,13137,4269,317896,0,209200,5351294,TRUE,FALSE,English
sleepy,231452460,107280,8855,2103,317125,0,254462,3295029,TRUE,FALSE,English
Deadlyslob,438143850,119085,104568,3088,315637,0,130944,6321235,TRUE,FALSE,English
LPMassive,195448335,81270,18813,2181,315264,0,22874,2409670,TRUE,FALSE,German
Distortion2,354144315,170220,11495,1953,314170,0,44982,5500067,TRUE,TRUE,English
mandiocaa1,132533775,29685,9540,4355,312944,0,29691,2567198,TRUE,TRUE,Portuguese
WagamamaTV,231985905,178470,7377,1268,312799,0,20933,3880798,TRUE,FALSE,English
maxim,236707830,71685,21262,3173,312566,0,129119,5439874,TRUE,TRUE,German
Xiuder_,166422960,172080,13675,909,312280,0,298759,3022408,TRUE,FALSE,Italian
Mushway,158995065,56820,9611,2638,310100,0,233686,3178181,TRUE,FALSE,French
JonBams,139067415,88830,5577,1522,309837,0,75728,1940922,TRUE,TRUE,English
Solaaaa,227479455,96375,16718,2227,309594,0,107558,5135340,TRUE,FALSE,German
소풍왔니 (yumyumyu77),315613800,66315,24521,4496,309322,0,46911,13030325,TRUE,FALSE,Korean
BreaK,167534355,115560,9531,1432,309300,0,18289,3880016,TRUE,TRUE,English
실프_ (silphtv),385176540,197055,9401,1891,309065,0,87400,7215989,TRUE,FALSE,Korean
Heelmike,216316170,101400,18963,2115,308927,0,208795,3406743,TRUE,TRUE,English
mokrivskyi,154332060,27105,29983,5864,308815,0,304008,8255635,FALSE,FALSE,Russian
울프 (lol_woolf),532969650,50910,73800,9633,308528,0,141297,9294132,TRUE,FALSE,Korean
Valkia,194961090,106335,23519,1008,308459,0,146451,8091070,TRUE,FALSE,English
Moondye7,261610875,97350,22231,2530,306920,0,39732,6839587,TRUE,FALSE,German
WARDELL,178718460,127155,16215,1394,306435,0,288200,5304936,TRUE,TRUE,English
ESL_SC2,234726075,278745,40072,1414,305311,0,36130,5674624,TRUE,FALSE,English
fps_shaka,1131509385,215160,26572,5195,303671,0,128907,21331882,TRUE,FALSE,Japanese
C_a_k_e,588662010,129660,17317,4403,302633,0,45957,18161823,TRUE,FALSE,Russian
TSM_ImperialHal,459076530,120975,23107,3550,302593,0,287810,8907366,TRUE,FALSE,English
PaymoneyWubby,168861240,30600,16622,5485,302419,0,126399,2668187,TRUE,FALSE,English
SilentSentry,141219225,125760,5572,1085,301633,0,13533,1896110,TRUE,FALSE,English
과로사1 (aram4519),136944300,81570,14167,1592,301329,0,179604,5711063,TRUE,FALSE,Korean
얍얍 (yapyap30),422278350,46800,36933,9306,301033,0,26768,9798569,TRUE,FALSE,Korean
dasMEHDI,1172969025,231465,47683,5013,299048,0,76568,7422911,TRUE,TRUE,English
koil,403848390,145035,13421,2791,299033,0,50231,7743238,TRUE,TRUE,English
Tyceno,177947595,42825,40407,4015,297359,0,250536,1623230,TRUE,TRUE,English
Tanovich,133079115,89865,10352,1434,296560,0,219383,3677360,TRUE,TRUE,Spanish
Kiwo,299469345,234330,10836,1243,296481,0,38195,4900030,TRUE,TRUE,English
GernaderJake,218318010,146295,21162,1347,295771,0,70693,8847646,TRUE,FALSE,English
ZLOYn,128586435,49230,14155,2603,294277,0,284221,6731111,TRUE,FALSE,Russian
adolfz,299235990,62520,15928,4926,294217,0,154653,2743587,TRUE,TRUE,Portuguese
dinablin,144307800,60870,29316,2413,293748,0,239896,11129949,TRUE,FALSE,Russian
Strippin,227458650,121575,9127,1816,293665,0,19904,3115313,TRUE,FALSE,English
Mathil1,561997440,134715,25866,3953,293595,0,66982,13159849,TRUE,FALSE,English
runthefutmarket,265426125,84945,20746,2999,292812,0,146753,4266359,TRUE,FALSE,English
venruki,170464680,133110,13179,1264,292558,0,44449,7127552,TRUE,FALSE,English
공혁준 (rhdgurwns),289103100,76590,40001,3828,289455,0,67061,12487303,TRUE,FALSE,Korean
김도 (kimdoe),549244755,134985,11759,4062,287639,0,10062,14188002,TRUE,TRUE,Korean
Tourva,146412075,116070,5067,1185,287553,0,182413,7888629,TRUE,TRUE,English
Vargskelethor,164759730,58395,6577,2809,287063,0,60041,2147906,TRUE,TRUE,English
JohnPitterTV,461605275,508965,4148,900,286184,0,211365,19054606,TRUE,FALSE,Portuguese
ArQuel,134912310,116415,9110,1122,285920,0,45153,4895500,TRUE,FALSE,Polish
Criken,212449905,113040,11050,1828,285509,0,32753,3593487,TRUE,TRUE,English
룩삼 (looksam),232224165,75030,32222,3302,285474,0,14351,7901792,TRUE,FALSE,Korean
KriszhAdvice,258011790,147675,28709,1593,284899,0,97984,6927865,TRUE,FALSE,Hungarian
G4G_REVENANT,237767160,82110,14376,2947,284620,0,69353,6608568,TRUE,FALSE,Spanish
pankylol,161208750,51015,17394,3141,284563,0,166114,7887006,TRUE,FALSE,Turkish
ItsSlikeR,218576850,95655,12762,2317,283503,0,154360,5243404,TRUE,TRUE,English
殺梗 (xargon0731),401439255,155325,8406,2549,283232,0,16999,17013239,TRUE,FALSE,Chinese
KarasMai,195800370,138300,6728,1374,281664,0,139915,3975842,TRUE,FALSE,English
BlackUFA,345166455,88035,10349,3889,279922,0,34803,12888906,TRUE,FALSE,Russian
양띵 (yd0821),236218920,28275,38412,8075,279864,0,56233,1901665,TRUE,FALSE,Korean
x6FlipiN,193573740,61095,19304,2712,279204,0,186655,6462906,TRUE,TRUE,Spanish
QuarterJade,153857655,61980,12144,2286,277256,0,167202,3921702,TRUE,FALSE,English
RebirthzTV,548041425,118920,14578,4629,276694,0,76546,8434367,TRUE,FALSE,Thai
악어 (jdm2088),458883255,32625,65622,15405,276488,0,132821,5377506,TRUE,FALSE,Korean
BurkeBlack,372767025,171675,4922,2154,276421,0,13471,5367772,TRUE,TRUE,English
Klean,545108145,169605,101124,2801,276242,0,154466,7844435,TRUE,FALSE,English
IlloJuan,251067885,60495,24315,4087,275174,0,178705,5676686,TRUE,FALSE,Spanish
김진우 (jinu6734),597275955,121545,12810,4710,274875,0,90213,9977487,TRUE,FALSE,Korean
LenaGol0vach,124876665,30210,9115,4159,274237,0,40915,2969471,FALSE,FALSE,Russian
YoMax,131072925,58380,16952,2051,273980,0,129000,1715466,TRUE,FALSE,French
ElOjoNinja,134761230,82020,9339,1484,273504,0,133594,5226901,TRUE,FALSE,Spanish
StRoGo,140812395,29385,45087,4621,272944,0,258332,5978117,TRUE,FALSE,Russian
西門夜說 (westdoor),128928105,109065,5363,1165,272662,0,16908,5018006,TRUE,TRUE,Chinese
Corobizar,153988380,83325,11200,1787,272635,0,84933,4345590,TRUE,FALSE,French
JLWaliid,213819030,94875,19603,2239,272391,0,246417,4345817,TRUE,FALSE,French
Gabi,126779310,63480,17866,2174,271202,0,178648,3821231,TRUE,FALSE,Portuguese
DatModz,409985220,228615,14288,1753,270720,0,36757,9812812,TRUE,FALSE,English
Xari,361741665,80535,28830,4841,269447,0,147894,5746209,TRUE,FALSE,French
Dhalucard,192609885,83400,22306,1828,269408,0,97678,7444967,TRUE,FALSE,German
cacho01,152494320,54645,18552,2669,269080,0,250197,2516244,TRUE,FALSE,Spanish
ops1x,128783415,68235,23490,1457,268942,0,254190,3050489,TRUE,FALSE,English
Kubon_,195943620,145845,9545,1323,267984,0,25721,6142647,TRUE,FALSE,Polish
Smurfdomuca,294868035,107055,18282,2843,267948,0,251923,5976634,TRUE,FALSE,Portuguese
Zizaran,460519830,156195,20745,2552,267004,0,47149,16917944,TRUE,FALSE,English
Xposed,167309220,111240,8580,1475,266853,0,147449,2220313,TRUE,TRUE,English
SheriffEli,185394810,143400,5988,1291,265814,0,11832,2355559,TRUE,TRUE,English
BikeMan,214504440,136845,7223,1486,264192,0,11101,3531376,TRUE,TRUE,English
Otzdarva,222546390,91905,14940,2387,262104,0,146762,3176930,TRUE,FALSE,English
orangemorange,338213940,122835,18387,2653,261139,0,85861,9889442,TRUE,FALSE,German
wintergaming,146245920,195615,7019,719,260779,0,13900,3609065,TRUE,FALSE,English
knekro,298811910,102210,13731,2912,260728,0,97206,10900480,TRUE,FALSE,Spanish
ZONY,163669320,147990,7172,1118,260125,0,140806,3739750,TRUE,FALSE,Polish
逼比 (bebelolz),165015915,64650,7592,2488,260119,0,26670,6966348,TRUE,FALSE,Chinese
Staiy,341874270,91545,15429,3711,259624,0,90591,5503882,TRUE,FALSE,German
大丸 (wtf_winds123),233395950,92775,11975,2410,259338,0,32952,9883708,TRUE,FALSE,Chinese
HunterGodBr,128369655,89520,51612,1737,258876,0,254260,14078099,TRUE,FALSE,Portuguese
relaxing234,428279160,51180,19194,8405,258402,0,88247,12225523,TRUE,FALSE,Chinese
BigEx,176005440,96870,21401,1569,256448,0,138235,1947938,TRUE,FALSE,English
LAGTVMaximusBlack,123125340,161535,7138,725,256353,0,13251,2310313,TRUE,TRUE,English
소니쇼 (sonycast_),290499225,100605,7998,2840,255949,0,54706,10802748,TRUE,FALSE,Korean
rxnexus,169026750,112095,6765,1475,255944,0,23213,5862326,TRUE,FALSE,Russian
NeZaK_,205442370,134205,7262,1407,255840,0,207722,3017013,TRUE,FALSE,Italian
OfficialAndyPyro,215726910,209625,9676,1027,255595,0,29422,10284627,TRUE,TRUE,Finnish
SmallAnt,166352115,96720,11518,1821,255156,0,218287,2695198,TRUE,FALSE,English
Overpow,309892665,153015,10858,2004,254516,0,29344,9020762,TRUE,TRUE,Polish
Gigz,126436725,98685,15061,1136,254401,0,44075,1958787,TRUE,FALSE,English
GrandPOObear,231011760,101175,13295,2230,253619,0,44926,3877237,TRUE,TRUE,English
Kotton,244412715,73005,58818,2757,253065,0,80920,4459178,TRUE,TRUE,English
veloxey,135057600,88620,8596,1273,252913,0,180142,1874494,TRUE,FALSE,Italian
pijack11,243578730,148140,8181,1569,252717,0,144993,6752832,TRUE,TRUE,Portuguese
Sequisha,426325350,163530,19755,2540,252495,0,86220,7404102,TRUE,TRUE,English
resttpowered,304222200,148335,9248,2072,252184,0,37681,8585834,TRUE,FALSE,Slovak
IrmanPlay,205792560,42570,17697,2612,252042,0,232876,3312084,FALSE,FALSE,Russian
LotharHS,208564530,152235,14561,898,251812,0,136198,6742783,TRUE,FALSE,Polish
TidesofTime,218415420,88485,12457,2104,251700,0,27110,2240586,TRUE,FALSE,English
선바 (sunbaking),240663180,86235,8260,2762,251416,0,98720,3298202,TRUE,FALSE,Korean
THump,169365870,92055,8063,1885,250786,0,115028,2168664,TRUE,TRUE,English
Mibrtv,228640020,82620,151094,3310,250709,0,242229,6671227,TRUE,FALSE,Portuguese
LVNDMARK,788421150,199350,96236,3688,248829,0,244295,8815201,TRUE,FALSE,English
Dota2ruhub2,307331445,55230,54508,5158,248277,0,71813,13417924,TRUE,FALSE,Russian
buddha,438460680,135090,11971,3184,247303,0,24901,6326808,TRUE,TRUE,English
saintvicious,244262295,168030,5370,1422,247236,0,44436,3133396,TRUE,FALSE,English
AsmodaiTV,379345935,132360,11751,2796,247056,0,30588,6547592,TRUE,FALSE,English
cellinrj,154982550,87945,7136,1711,245715,0,122045,3621969,TRUE,TRUE,Portuguese
LexVeldhuis,380251830,73935,58416,4939,244467,0,66680,14339774,TRUE,FALSE,English
ESAMarathon,433329345,301395,22132,1460,244440,0,35038,32500708,TRUE,FALSE,English
iGeStarK,131957700,79455,12893,1282,244437,0,231731,2948954,TRUE,FALSE,Spanish
erobb221,162559230,82470,10391,2028,244207,0,88737,2352357,TRUE,FALSE,English
Tanxlive,159875505,161010,6899,971,244133,0,40087,7067999,TRUE,TRUE,Thai
Ponce,355091505,111360,23255,3043,242969,0,196880,13687141,TRUE,FALSE,French
foggedftw2,142444290,111675,8622,1220,242205,0,109500,3438208,TRUE,TRUE,English
EAMaddenNFL,159449055,19995,57179,5697,241924,0,72319,5152605,TRUE,FALSE,English
NymN,340095510,100125,23488,3402,241746,0,111122,4409296,TRUE,TRUE,English
daltoosh,319194420,154440,16445,2038,241602,0,163486,3665065,TRUE,FALSE,English
꽃핀 (cherrypach),222377040,94125,10985,2369,240835,0,90457,6606649,TRUE,FALSE,Korean
Sjow,331726155,149700,8140,2189,240206,0,21662,3365340,TRUE,FALSE,English
Albralelie,232815960,128580,18730,1668,240030,0,216977,5392597,TRUE,FALSE,English
Pieface23,201823125,93360,14072,2149,238155,0,127444,2037389,TRUE,FALSE,English
Faux,177800325,151170,15167,1133,237909,0,29301,3248586,TRUE,FALSE,English
Pikabooirl,225939795,103740,21309,2146,237214,0,78399,5574448,TRUE,FALSE,English
ShivFPS,355389630,203175,7216,1782,236407,0,174213,6900666,TRUE,FALSE,English
Mmorpg,167774640,182925,4994,908,235167,0,19566,3055373,TRUE,FALSE,English
RduLIVE,525737445,127380,11854,3953,234884,0,62490,7653194,TRUE,FALSE,English
gamelifeow,229805670,99600,37939,1659,234471,0,169229,8373012,TRUE,FALSE,Russian
kragiee,143449350,121890,6298,1137,234312,0,65977,3136101,TRUE,FALSE,English
iLame,203117655,161025,4911,1243,233263,0,66490,9831952,TRUE,TRUE,Russian
DieHahn,152767545,125025,8048,1229,231584,0,44782,3418935,TRUE,TRUE,German
Robbaz,125249820,86415,4938,1427,229652,0,23827,5009610,TRUE,FALSE,English
GoBGG,130398315,92730,4198,1400,229586,0,37272,5971819,TRUE,FALSE,French
Halifax,126885855,160500,12478,793,228316,0,52433,2955093,TRUE,FALSE,English
TaKeTV,130220190,108555,31809,829,227062,0,13033,2855045,TRUE,FALSE,German
UCCleague,152021685,131070,14003,1378,226974,0,46807,9915656,TRUE,FALSE,Russian
Lutti,143841150,89220,37121,1153,226344,0,163441,3727211,TRUE,FALSE,French
SaltyBet,290991045,508140,3467,571,224099,0,69465,4509671,TRUE,FALSE,English
Th3Antonio,176072760,62175,13955,2419,223756,0,87872,5222867,TRUE,FALSE,Spanish
AkTep,156236730,94545,6300,1541,222796,0,51862,4273193,TRUE,TRUE,Russian
SPYGEA,452479680,143730,17228,3131,222046,0,92067,10569192,TRUE,FALSE,Japanese
HAchubby,203908095,73110,13675,2779,221461,0,159519,5075885,TRUE,FALSE,English
Etoiles,185982570,78165,45364,2090,220873,0,167386,6466352,TRUE,FALSE,French
양아지 (dkwl025),125872350,103365,6861,1237,220819,0,114560,4933531,TRUE,FALSE,Korean
Recrent,203854050,129375,6781,1502,220789,0,120204,8936320,TRUE,FALSE,Russian
Tiagovski555YT,178563045,76065,11245,2061,220585,0,130719,5057048,TRUE,FALSE,Portuguese
H2P_Gucio,575998575,157995,10011,3581,220488,0,78264,13401489,TRUE,FALSE,Polish
btscsgo,357966315,57165,74949,6530,219539,0,166599,9173781,TRUE,FALSE,English
mch_AGG,443328990,499575,11191,884,219431,0,124548,11142208,TRUE,TRUE,Portuguese
btssmash,389890800,362970,94083,1061,216558,0,81658,6933788,TRUE,FALSE,English
The_Happy_Hob,295999245,106125,8560,2834,216106,0,38712,4158704,TRUE,TRUE,English
개복어 (dogswellfish),273920670,161235,10929,1601,215413,0,37690,10626908,TRUE,FALSE,Korean
RebeuDeter,135843000,18510,24675,7141,215360,0,194128,2560454,TRUE,FALSE,French
코렛트 (collet11),174087030,136065,6144,1248,215304,0,73181,5543661,TRUE,FALSE,Korean
옥냥이 (rooftopcat99),218888325,92805,8794,2256,214028,0,59213,5969221,TRUE,FALSE,Korean
빅헤드 (bighead033),122523705,153000,3940,793,213212,0,52289,4399897,TRUE,FALSE,Korean
JLBichouu,200256675,90720,16461,2039,212578,0,150452,4001304,TRUE,FALSE,French
연두는말안드뤄 (rudbeckia7),311520135,126300,7111,2478,212053,0,24606,9675073,TRUE,FALSE,Korean
Wackyjacky101,130390590,130335,5981,1012,209700,0,72794,9213152,TRUE,FALSE,English
Limmy,148371105,90600,6575,1641,207508,0,136263,2433739,TRUE,TRUE,English
Anton,581034300,142890,137531,3199,207484,0,128050,6176254,TRUE,TRUE,English
狂暴小建 (a541021),516009420,166575,8337,3105,207369,0,18023,18201933,TRUE,FALSE,Chinese
금사향 (sah_yang),204029970,125325,7143,1559,206794,0,108366,7584329,TRUE,FALSE,Korean
nookyyy,135590925,149220,7393,683,206681,0,78987,2481667,TRUE,FALSE,German
sacy,128171445,96630,10692,1304,206184,0,117190,3590048,TRUE,FALSE,Portuguese
Mazarin1k,220905615,202410,9605,780,205378,0,68292,9980766,TRUE,FALSE,Czech
다주 (dda_ju),168767490,108690,9137,1466,205041,0,52071,3755880,TRUE,FALSE,Korean
Sloot,195525465,207555,21283,937,205002,0,23506,4415937,TRUE,FALSE,English
MinosTV_,338084550,167190,24576,2034,204605,0,192534,5554989,TRUE,TRUE,French
RoyalPhunk,311093010,104565,12141,2934,204451,0,34597,4921311,TRUE,TRUE,German
Werlyb,168339975,57105,37980,2399,204348,0,146852,5349362,TRUE,FALSE,Spanish
BeyondTheSummit_PT,282753480,339000,49496,807,203549,0,60955,9694977,TRUE,FALSE,Portuguese
DreamHackDota2_RU,152461155,6135,98717,22356,203419,0,30231,3637232,TRUE,FALSE,Russian
GodHunt,187099860,94590,19032,1820,202883,0,30738,7464390,TRUE,FALSE,Russian
PsheroTV,228376905,184215,10739,1166,202779,0,59927,5384623,TRUE,TRUE,English
Yamikazexz,137528370,74490,12411,1643,201657,0,161100,5719244,TRUE,FALSE,English
NeVeR_LosEs,309559170,82635,9671,3680,200953,0,23806,10608507,TRUE,FALSE,Chinese
qSnake,212541900,152955,5441,1389,200878,0,37641,6296155,TRUE,FALSE,Russian
MuTeX,133816530,150015,9448,824,200619,0,114872,1615269,TRUE,TRUE,English
MiltonTPike1,149975130,81960,8838,1845,200012,0,25768,2185519,TRUE,FALSE,English
Adin2Huncho,124133550,64920,14502,1470,199880,0,162642,956614,TRUE,FALSE,English
IFrostBolt,158035530,169260,6210,897,199618,0,106749,2723926,TRUE,FALSE,English
AnthonyZ,154524165,117735,7416,1216,199617,0,23303,2812219,TRUE,FALSE,English
kutcherlol,153784695,138060,6802,1093,198818,0,36059,5070320,TRUE,FALSE,German
Ziqoftw,131821710,94515,10569,1293,198304,0,33547,4933908,TRUE,FALSE,English
SNEUX,254717640,57510,30067,3748,196635,0,155555,4540889,TRUE,FALSE,Spanish
supertf,244635645,90585,9118,2526,196136,0,139939,3551440,TRUE,FALSE,English
핑맨 (95pingman),164673495,47430,26738,3449,195423,0,97696,3424139,TRUE,FALSE,Korean
도현_ (d_obby),195270330,129525,16860,1401,195405,0,153300,5913454,TRUE,FALSE,Korean
NeverSayYesTwitch,180978855,115455,10771,1357,194933,0,176218,3381154,TRUE,FALSE,French
쫀득이_ (pjs9073),205748130,79215,15654,2597,193757,0,115990,5979215,TRUE,FALSE,Korean
ESL_CSGO_FR,126026325,53295,22857,2570,193614,0,26073,4124889,TRUE,FALSE,French
Kaydop,145291695,64830,23304,2268,193058,0,117412,3185925,TRUE,FALSE,French
Ezekiel_III,136597425,109890,18804,1190,190452,0,8969,4018240,TRUE,TRUE,English
Jay3,187658970,165585,9514,1111,189654,0,124100,3079327,TRUE,FALSE,English
CoconutB,147918285,122565,4596,1171,188378,0,62459,2691775,TRUE,TRUE,English
Weak3n,146770110,115470,2922,1260,188176,0,30028,4780580,TRUE,FALSE,English
armateam,183066645,379680,3181,479,187315,0,8680,3569807,TRUE,FALSE,French
lolesportsla,163132800,40950,37187,4586,186208,0,71514,5283711,TRUE,FALSE,Spanish
BigSpinCR,175255470,92970,21815,1824,185784,0,81726,2995202,TRUE,FALSE,German
짬타수아 (zzamtiger0310),171115545,90345,6217,1876,185684,0,46791,6693148,TRUE,FALSE,Korean
uzra,812362125,208785,14181,3683,185506,0,29752,20715640,TRUE,FALSE,Chinese
Igromania,172086390,186960,6159,939,184078,0,13710,115312954,TRUE,FALSE,Russian
NiceWigg,193912155,130140,13013,1475,184033,0,111498,2871081,TRUE,FALSE,English
iceiceice,130179570,37545,8409,3107,183960,0,57797,2582911,TRUE,FALSE,English
Paoloidolo,156901800,125115,7659,1205,183900,0,57927,4585217,TRUE,FALSE,Italian
홍방장 (game2eye),173015430,96045,5698,1669,183891,0,22221,5266599,TRUE,FALSE,Korean
Alfie,194074230,181755,15588,971,183885,0,33462,3380440,TRUE,FALSE,English
Veritas,320121405,135150,103833,1595,182492,0,131913,4176079,TRUE,FALSE,English
Kyle,501208575,161295,9339,3059,182260,0,60506,5692219,TRUE,TRUE,English
cyr,252345645,146190,19267,1678,182107,0,49771,4106827,TRUE,TRUE,English
CzechCloud,207938580,145050,8212,978,180668,0,111145,9000160,TRUE,FALSE,Czech
嬌兔 (zrush),436243530,137910,10628,3084,180412,0,49296,13297850,TRUE,TRUE,Chinese
yamatonjp,359095725,159420,8247,2269,179920,0,67794,10882318,TRUE,FALSE,Japanese
iamSometimes,186597300,102870,23238,2004,179552,0,99162,4766495,TRUE,FALSE,Thai
Cerbero_Podcast,155187570,57120,19298,2647,179420,0,132867,4071398,TRUE,FALSE,Italian
BeyondTheSummit_PT2,159647175,104955,126254,796,178612,0,137968,4834852,TRUE,FALSE,Portuguese
Remx,122192850,99180,13788,1205,178553,0,59432,2049420,TRUE,FALSE,French
Opat04,222161730,116775,9497,1814,178477,0,109720,6632006,TRUE,FALSE,Czech
고차비 (kumikomii),249821475,152370,5227,1615,177741,0,62122,5979126,TRUE,FALSE,Korean
Calebhart42,246974370,124830,6763,1808,177595,0,13410,2533119,TRUE,FALSE,English
Payo,385755615,137400,12274,2772,175503,0,112595,11672019,TRUE,FALSE,English
WePlayEsport_EN,704823000,107745,87751,6127,175061,0,137229,17857171,TRUE,FALSE,English
RiotGamesRU,352700745,17880,73049,19753,173861,0,75538,6832561,TRUE,FALSE,Russian
ZiggyDLive,123398085,99075,18437,1227,173807,0,15899,4249580,TRUE,FALSE,English
BRNWOWZK1,173484990,365670,6981,465,173713,0,87295,5330221,TRUE,TRUE,Portuguese
DaigoTheBeasTV,141183435,57525,27261,2225,173271,0,42313,4166521,TRUE,FALSE,Japanese
SaltyTeemo,247613265,517980,1803,476,173196,0,36103,2117741,FALSE,FALSE,English
Zombie_Barricades,173823135,228765,4497,735,172386,0,60031,2219053,TRUE,TRUE,English
Pace22,247862850,156975,10350,1524,171871,0,112723,3080537,TRUE,TRUE,English
쌍베 (pacific8815),483895050,120435,20936,3992,171858,0,54326,14452008,TRUE,FALSE,Korean
Puppers,143414790,98595,6798,1458,171425,0,64591,1753517,TRUE,FALSE,English
icebergdoto,221837100,52380,16441,3746,171113,0,84551,6944929,TRUE,FALSE,Russian
TMemoryy,124620795,130440,3244,924,171107,0,64750,1027960,TRUE,FALSE,English
쉐리 (kss7749),301790445,115380,12295,2403,170718,0,19597,7546887,TRUE,FALSE,Korean
Zalae,133078635,95010,5934,1351,170668,0,23494,1776974,TRUE,FALSE,English
BananaSlamJamma,159071145,113595,5152,1263,170181,0,23267,2546439,TRUE,TRUE,English
懶貓 (failverde),437353350,184845,14610,2348,169973,0,29861,13001718,TRUE,FALSE,Chinese
플러리 (flurry1989),505333050,128790,12084,3859,169505,0,51935,10969148,TRUE,FALSE,Korean
Rogue,159761910,121005,7289,1186,169330,0,147217,2431075,TRUE,FALSE,English
luke4316live,181729410,307005,2757,636,168531,0,36988,4795414,TRUE,FALSE,Italian
SayNoToRage,150150330,137820,8014,1010,168463,0,17619,1552234,TRUE,FALSE,English
RaizQT,286839210,121965,15185,2164,167584,0,31194,5190502,TRUE,FALSE,English
Crystal_LoL,206487075,139725,7471,1466,167132,0,98846,5571500,TRUE,FALSE,Turkish
철면수심 (109ace),335311860,145425,12180,2202,166726,0,35165,7631326,TRUE,FALSE,Korean
MarcaoRX,359273445,336690,5210,1258,166594,0,65904,4541683,TRUE,TRUE,Portuguese
RelaxBeats,123273930,521430,2830,235,166162,0,29595,1094850,TRUE,FALSE,English
Smoke,261617925,100050,25500,2331,166007,0,53212,2955403,TRUE,FALSE,English
CrReaM,166587645,142350,8098,1150,165906,0,6207,1614843,TRUE,TRUE,English
녹두로 (nokduro),555637890,140670,15858,4040,165823,0,95603,9518923,TRUE,FALSE,Korean
CarritosKami,159557775,104955,14634,1681,165439,0,67444,6694660,TRUE,FALSE,Spanish
龜狗 (gueigotv),194262165,134895,9918,1373,165232,0,25466,6005834,TRUE,TRUE,Chinese
러너교 (runner0608),124525605,52785,17926,2434,164902,0,58988,4276695,FALSE,FALSE,Korean
살인마협회장 (sal_gu),326488155,122925,16252,2663,164092,0,45255,6226900,TRUE,FALSE,Korean
ipav999,144114480,191400,2536,737,163956,0,82668,2920832,TRUE,FALSE,English
keanelol,327242790,147255,7208,2176,162917,0,85035,4068823,TRUE,FALSE,English
limit_maximum,288857850,85905,124818,1886,162040,0,70116,5965543,TRUE,TRUE,English
Sintica,128908575,94845,8467,1207,160387,0,110955,7008648,TRUE,FALSE,German
T90Official,279691620,76395,51422,3379,160226,0,69044,6886631,TRUE,FALSE,English
Sweatcicle,161489220,137880,14550,1023,160000,0,120954,2372907,TRUE,TRUE,English
Shotz,385739280,153105,10316,2523,159763,0,48388,5464553,TRUE,TRUE,English
BarbarousKing,419187600,188895,13419,2244,159402,0,42931,4822422,TRUE,TRUE,English
JokerdTV,271815660,120165,319862,2013,159384,0,157656,9070954,TRUE,TRUE,English
JustCooman,262612740,76035,10776,3287,159117,0,89413,7809170,TRUE,FALSE,Russian
leplol1,128314530,125385,9307,1444,157981,0,116243,3163399,FALSE,FALSE,Portuguese
OGADotaPIT,216072855,18705,60846,10161,157820,0,48664,8333671,TRUE,FALSE,English
QuattroAce,342273825,185715,48810,1696,157620,0,136490,7245324,TRUE,FALSE,Russian
貝莉莓 (beryl_lulu),140500785,81990,15901,1739,156726,0,49522,9765341,TRUE,FALSE,Chinese
GingiTV,171013470,89805,6450,1713,156597,0,45047,5117439,TRUE,FALSE,English
FlexZ,127550640,114750,14278,897,155382,0,133959,3254805,TRUE,FALSE,Spanish
Sanchovies,180166830,141225,15588,1250,154845,0,145102,3924344,TRUE,FALSE,English
Alkaizerx,161185890,103950,12430,1312,153870,0,21706,3152805,TRUE,TRUE,English
aircool,137305080,128055,12620,964,153703,0,120570,1628826,TRUE,FALSE,English
PENTA,280798065,116745,7172,2322,152821,0,40474,2786097,TRUE,TRUE,English
KarmikKoala,262630950,120450,10587,2205,151920,0,71165,8619663,TRUE,FALSE,Russian
CaMaK,154277370,87375,9437,1759,151886,0,7578,3019137,TRUE,TRUE,French
iProMx,171223080,36000,8874,4576,151788,0,80190,1637792,TRUE,FALSE,French
TpaBoMaH,139724325,92445,6813,1531,151266,0,85717,7804776,TRUE,FALSE,Russian
CasinoDaddy,577240710,267465,6524,2168,151098,0,42680,7493491,FALSE,TRUE,English
H0llyLP,149766195,130860,4958,1116,151000,0,11875,3846703,TRUE,TRUE,German
Broeki1,186562710,141675,13091,1317,150944,0,25995,4702541,TRUE,TRUE,German
RiotGamesOCE,132387150,40890,50458,3076,149775,0,65748,8437414,TRUE,FALSE,English
StaysafeTV,399746130,135180,15608,2876,149648,0,73218,7427189,TRUE,TRUE,English
gabepeixe,181929585,101730,5955,1788,149362,0,25034,2795325,TRUE,TRUE,Portuguese
김뚜띠_ (kimdduddi),219998175,90750,7244,2318,149158,0,67954,3549865,TRUE,FALSE,Korean
SolaryHS,827452485,460065,17513,1802,149073,0,35986,10445269,TRUE,FALSE,French
超負荷 (sam1268),171602475,35805,11861,4538,148702,0,20433,5691145,TRUE,TRUE,Chinese
Shaunz,379800060,97860,20861,3791,148568,0,84393,10605782,TRUE,FALSE,French
winstrike_tv,243711495,19695,153252,12058,148183,0,148055,8767404,TRUE,FALSE,Russian
Tonton,165536760,133530,9738,1237,147542,0,76656,3954958,TRUE,FALSE,French
나나양 (nanayango3o),199960005,122025,6411,1589,147351,0,63332,4789098,TRUE,FALSE,Korean
小夜夜 (albislol),152033250,208485,3740,706,146276,0,10939,4554443,TRUE,TRUE,Chinese
Worrun_,204440715,94455,41881,1728,146163,0,103762,3425022,TRUE,TRUE,English
KEEMSTAR,123365895,3465,74195,35333,146035,0,46367,7139253,FALSE,FALSE,English
Hype,126704460,81510,10030,1674,145476,0,101271,6185689,TRUE,TRUE,Turkish
guit88man,287764245,140685,7681,1989,144898,0,25130,8666012,TRUE,TRUE,Russian
감블러 (9ambler),157852620,89715,11279,1692,144116,0,77889,3731059,TRUE,FALSE,Korean
PardonMyTake,156004485,25140,141406,6728,143916,0,143806,3300371,TRUE,FALSE,English
NBA2KLeague,173779995,28245,48495,4264,143535,0,42942,67586924,TRUE,FALSE,English
kurt0411,150579045,37710,26941,4083,142446,0,114789,2221662,TRUE,FALSE,English
Aurateur,407829960,163815,15547,2492,142427,0,26782,4368785,TRUE,TRUE,English
피닉스박1 (xkwhd),205225605,179595,9938,1139,142209,0,50675,4794915,TRUE,FALSE,Korean
Vovo,162887760,150555,7268,974,141898,0,92033,3786059,TRUE,TRUE,Portuguese
RiotGamesJP,390922410,26325,60682,13675,141684,0,36105,9101692,TRUE,FALSE,Japanese
케인 (kanetv8),180360300,130365,10087,1313,141167,0,52606,7004305,TRUE,FALSE,Korean
polsatgames,340417455,57870,66706,5695,141026,0,74586,16290334,TRUE,FALSE,Polish
TheNo1Alex,206694345,176910,8554,1105,140855,0,30883,7225371,TRUE,FALSE,English
OuterHeaven,137995935,94575,6955,1101,137954,0,7924,1037346,TRUE,TRUE,English
swimstrim,162723510,108540,13314,1383,137885,0,62796,2964244,TRUE,FALSE,English
HellYeahPlay,173443275,103830,3946,1706,136885,0,31088,5014047,TRUE,FALSE,Russian
kyo1984123,325018110,204975,5967,1516,135687,0,12731,12070678,TRUE,FALSE,Chinese
Lasqa,216969405,72210,10010,2863,135446,0,25351,5298356,TRUE,TRUE,Russian
Spaceboy,144599880,123015,10590,1107,135311,0,27050,2614773,TRUE,TRUE,English
RatedEpicz,582401145,175920,11860,3336,134757,0,74221,7251200,TRUE,TRUE,English
uhSnow,280296045,88500,8375,3150,134611,0,43869,3334788,TRUE,TRUE,English
Ramee,457242510,159825,10845,2825,132642,0,74094,6606894,TRUE,FALSE,English
Odablock,247535550,101595,29397,2336,131966,0,92477,4228405,TRUE,FALSE,English
羅傑 (roger9527),195398655,34620,12707,5401,131484,0,22369,4197860,TRUE,FALSE,Chinese
Drjayfisto,177159195,155340,4092,1105,130341,0,41353,6201998,TRUE,TRUE,English
Lapi,137258130,171570,8684,789,130323,0,16992,6792456,TRUE,FALSE,French
KVYZEE,149052375,161580,8354,849,127963,0,74894,6715483,TRUE,FALSE,Russian
TommyKayLIVE,124680810,108105,3536,1124,127770,0,58673,2561302,TRUE,TRUE,English
skill4ltu,205017270,135510,4049,1503,127741,0,46398,4548052,TRUE,TRUE,English
DougisRaw,167875230,153960,22641,1076,127151,0,74509,2149900,TRUE,TRUE,English
BeatportOfficial,180850230,27765,48457,5300,126546,0,124653,36484452,TRUE,FALSE,English
theRealShooKon3,233210205,166260,6148,1333,126282,0,37207,2944974,TRUE,TRUE,English
BobbyPoffGaming,298668465,224295,6453,1254,125803,0,81131,2208405,TRUE,FALSE,English
Krayn_Live,129103425,137040,4183,918,125775,0,20572,4621526,TRUE,TRUE,French
웁_게임방송 (alenenwooptv),265229580,189900,4290,1418,125615,0,22295,5390604,TRUE,FALSE,Korean
똘똘똘이_ (jungtaejune),280810635,165945,6787,1649,124835,0,15713,8660860,TRUE,FALSE,Korean
HeyarTV,124878165,155700,2343,786,124479,0,17695,2506556,TRUE,TRUE,French
aminematue,123826230,30480,16577,4016,124232,0,123363,2316908,TRUE,FALSE,French
iateyourpie,184820460,181335,10962,987,124020,0,7942,4878552,TRUE,FALSE,English
Bonjwa,473157810,251250,11063,1802,123954,0,20250,14247514,TRUE,FALSE,German
헤징 (hejin0_0),127710465,125865,3032,1017,123451,0,72192,5800110,TRUE,FALSE,Korean
duckmanzch,192428310,129945,14684,1363,122694,0,75228,9240202,TRUE,FALSE,Thai
Slushpuppy,307001595,150525,118125,1560,122486,0,85852,5065635,TRUE,FALSE,English
KheZu,132976365,124635,5322,991,122158,0,28840,2671995,TRUE,FALSE,English
nugiyen,169858440,159135,8448,996,121984,0,22377,3448935,TRUE,FALSE,English
木棉花官方頻道 (muse_tw),625892895,446655,16702,1397,121053,0,120954,13670649,TRUE,TRUE,Chinese
Arcadum,142213980,134700,13801,992,120586,0,78642,2169921,TRUE,FALSE,English
Evangelion0,154595850,85635,8533,1777,120494,0,28322,3446723,TRUE,FALSE,Spanish
六希夫 (qttsix),216951540,154035,9671,1412,118305,0,23620,8174656,TRUE,FALSE,Chinese
球球 (lilballzlolz),141185625,78015,6328,1724,118276,0,9831,4212219,TRUE,FALSE,Chinese
akagreenn,140084580,51600,21136,2902,117916,0,114861,3514645,TRUE,TRUE,Turkish
flamuu,239018790,126915,5242,1851,117425,0,36301,3225407,TRUE,TRUE,English
Esports_Alliance,163208925,37110,27040,4293,117084,0,55445,8254877,TRUE,FALSE,Thai
Daxak,188764350,84855,7721,2061,116897,0,64239,5857325,TRUE,FALSE,Russian
MaTaFe_,169215480,153525,8535,1096,116653,0,106957,4182011,TRUE,TRUE,English
DarioMocciaTwitch,217475940,103995,8160,1749,114376,0,96707,4356099,TRUE,FALSE,Italian
SkyshockTV,154727730,94275,6213,1605,114154,0,32991,3059244,TRUE,FALSE,Spanish
CuteDog_,234058290,207090,7016,1104,113658,0,22074,3489772,TRUE,TRUE,English
chowh1,152754465,143415,8221,980,113551,0,84231,4175567,TRUE,TRUE,French
PG_Esports,199821495,107715,24734,1933,112874,0,41935,16923320,TRUE,FALSE,Italian
ImSoFresh,211617645,180060,5788,1119,111954,0,36095,3673955,TRUE,FALSE,French
GhostFreak66,179939730,107295,94791,1029,111646,0,89879,2471382,TRUE,TRUE,English
UncleBjorn,141021495,134805,4265,975,111003,0,26514,7886426,TRUE,FALSE,Russian
AladdinTV,189890160,131490,4279,1416,110211,0,45168,4298260,TRUE,FALSE,German
마스카 (newmasca),122452320,217410,6431,567,109068,0,-4942,3417970,TRUE,FALSE,Korean
BlackFIreIce,150698280,139980,3044,1070,108895,0,6130,4424196,TRUE,FALSE,Polish
Ko0416,307823730,200625,5448,1515,108784,0,12127,11705657,TRUE,TRUE,Chinese
ClassyBeef,558883590,273660,33624,1941,108623,0,88671,6626543,FALSE,TRUE,English
richwcampbell,126132675,69870,34756,1878,108410,0,57422,3790423,TRUE,FALSE,English
_연두부_ (lovelyyeon),161371665,140535,4282,1115,108382,0,74892,5389852,TRUE,FALSE,Korean
Crocodyle_lol,178727670,96000,8810,1802,107835,0,77142,3657348,TRUE,TRUE,French
WOKE,235303170,51600,50598,3827,107484,0,105725,3460437,TRUE,TRUE,English
Kamikatze,202635300,126900,8509,1586,107476,0,36955,4997073,TRUE,FALSE,German
roflgator,153963765,110910,14329,1281,106365,0,46487,1449834,TRUE,TRUE,English
貝克 (slrabbit99),151739370,112845,5944,1329,106235,0,2495,4838617,TRUE,TRUE,Chinese
인간젤리 (ses836),190448565,157200,7683,1213,105730,0,29332,5099767,TRUE,FALSE,Korean
OgamingSC2,253498875,484455,11457,547,105368,0,11075,15776556,TRUE,FALSE,French
c9judite,235689105,364425,8210,644,105341,0,84754,7982996,TRUE,FALSE,Portuguese
masondota2,250624350,83205,8377,2882,104526,0,39906,3406472,TRUE,FALSE,English
Naowh,165590085,120435,11693,1333,103636,0,48833,5069397,TRUE,FALSE,English
김나성 (naseongkim),350120640,215505,7628,1584,103260,0,20536,8471746,TRUE,FALSE,Korean
NumotTheNummy,123899265,105930,3359,1118,103069,0,8045,1530401,TRUE,FALSE,English
Rubini,214130175,161985,5521,1284,102528,0,43426,7976244,TRUE,TRUE,Portuguese
Draineo,155593140,124095,7777,1169,102225,0,65702,175788,TRUE,FALSE,English
VaporaDark,168943005,70650,5041,2338,101359,0,22193,7610128,TRUE,FALSE,English
shtan_udachi,173627565,87210,7220,1929,100852,0,22524,3970603,TRUE,FALSE,Russian
LRojo_,144763395,111435,11178,1192,100767,0,82320,3959878,TRUE,FALSE,Spanish
rhobalas_lol,135169095,174210,5224,779,100599,0,69851,3011205,TRUE,FALSE,French
Spraggy,139893270,81585,30415,1674,99807,0,35453,3037728,TRUE,FALSE,English
지수소녀 (wltn4765),127291245,134070,9379,980,99600,0,68129,6213041,TRUE,FALSE,Korean
Linkus7,142322655,121755,7248,1121,96728,0,41862,1866513,TRUE,FALSE,English
CyrusTWO,131621775,128085,2727,1027,96691,0,25277,5787660,TRUE,TRUE,Swedish
Hitch,124224555,132870,3976,875,96343,0,30813,1942552,TRUE,TRUE,English
FENGRUSH,521568750,100605,16128,4985,95643,0,23288,44675247,TRUE,FALSE,English
소우릎 (so_urf),293688270,167895,9665,1756,95477,0,44040,8120712,TRUE,FALSE,Korean
MadDecentLive,129993915,42510,36968,3069,95371,0,95352,44291541,FALSE,FALSE,English
Back2Warcraft,171822405,93345,8309,1697,94929,0,21267,4016790,TRUE,FALSE,German
Bawkbasoup,168736395,130215,7853,1259,94820,0,27795,2313340,TRUE,TRUE,English
Xop0,262276575,235920,4074,1110,94751,0,50725,18709302,FALSE,FALSE,Russian
Xnapycz,141426165,87885,4388,1572,94551,0,44450,4521040,TRUE,TRUE,Czech
聶寶 (nielnieh345),140168070,186015,5455,728,93991,0,18742,4755073,TRUE,FALSE,Chinese
Flashpoint,311325840,19320,77708,11713,93616,0,93120,27828448,TRUE,FALSE,English
Speedrun,186800430,500010,16604,375,93358,0,51098,13863239,TRUE,FALSE,English
Markstrom,129129615,106620,71423,915,93045,0,35277,1829062,TRUE,FALSE,English
Tomato,205792050,76080,5358,2675,92634,0,36010,2200922,TRUE,TRUE,English
runitup247,205746015,486000,1182,422,91608,0,30397,2424188,TRUE,FALSE,English
GN_GG,185795730,108075,4859,1715,91514,0,14734,3333965,TRUE,FALSE,Russian
easywithaces,159655155,107910,18686,1388,90359,0,35096,3279762,TRUE,TRUE,English
chistor_,246342825,128430,7099,1838,89608,0,30354,5658271,TRUE,FALSE,Russian
purple_hs,140426535,111810,5460,1149,88792,0,18850,1512076,TRUE,FALSE,English
DuelLinksMeta,163307010,89910,5792,1886,88697,0,33306,6092699,TRUE,FALSE,English
Sonecarox,133976280,239655,2445,569,87530,0,21318,3105118,TRUE,TRUE,Portuguese
Bamboe,134431230,118920,5956,1075,86644,0,25348,2322578,TRUE,FALSE,English
Everyeyeit,187019640,133125,18421,1236,86590,0,42213,52155951,TRUE,FALSE,Italian
mailand,124936395,86865,6867,1400,86561,0,31605,3923343,TRUE,TRUE,German
Nattank,241616550,144480,8770,1537,86544,0,67207,8232442,TRUE,TRUE,Portuguese
CeMka,127117680,110550,18473,979,86502,0,22116,4241970,TRUE,FALSE,Russian
자동 (tranth),196585155,142260,5451,1402,85764,0,11733,5114165,TRUE,FALSE,Korean
wingz,128746905,92715,3940,1347,85695,0,32924,3057045,TRUE,FALSE,Spanish
VooDooSh,329448660,137670,7560,2519,85678,0,66129,9003037,TRUE,TRUE,Russian
kyliebitkin,147948870,127485,6688,1142,85336,0,25720,2468122,TRUE,TRUE,English
蝦愛橘子 (shuteye_orange),728551080,325935,7441,2217,85247,0,29549,18572922,TRUE,TRUE,Chinese
DesertHeartsRecords,276313155,64620,24264,3620,85097,0,84304,58418224,FALSE,FALSE,English
Sh4dowehhh,229762950,112875,11788,2012,84234,0,70619,6477747,TRUE,FALSE,Russian
루시아 (lucia94),224762820,141705,8886,1603,82578,0,37026,5801449,TRUE,FALSE,Korean
Bidule,126808620,61395,10100,2052,82570,0,64920,2486535,FALSE,TRUE,French
DownToQuest,281365035,513540,20723,543,82299,0,53724,3524088,TRUE,TRUE,English
Pun1shers_TV,230552955,123345,6289,1961,82289,0,51159,4148542,TRUE,FALSE,Greek
AlcastHQ,132082785,28905,12999,4680,81928,0,24582,41833833,TRUE,FALSE,English
Pelegrino1993,147243720,129210,6236,1074,80566,0,64799,1772816,TRUE,FALSE,Portuguese
Monkeynews,179083095,154965,72483,1288,80290,0,54112,4978021,TRUE,TRUE,English
WillerZ,129956310,133770,24663,872,79392,0,68899,2344895,TRUE,TRUE,English
monkeys_forever,145475145,80460,6738,1563,79270,0,34329,2106144,TRUE,FALSE,English
BoarControlHS,166892040,153345,3622,1064,79204,0,39363,2852825,TRUE,FALSE,English
RiffTrax,293583075,521445,24765,562,79099,0,17200,3313465,TRUE,FALSE,English
RyuQuezacotl,125680845,125820,4022,976,79063,0,9884,1867494,TRUE,TRUE,English
RaulZitoYT,139249440,131460,6545,839,78971,0,76729,2725303,TRUE,FALSE,Portuguese
햇살살 (hatsalsal),156211005,119040,3915,1302,77861,0,25730,5576914,TRUE,FALSE,Korean
재슥짱 (pikra10),140512860,124170,4659,1068,77376,0,42516,2973636,TRUE,FALSE,Korean
Wardiii,196743645,104280,9459,1670,76777,0,31905,3970743,TRUE,FALSE,English
k3soju,215233395,125865,7504,1647,76666,0,70939,2609837,TRUE,FALSE,English
tebtv,161468685,69315,13639,2177,76050,0,59909,10310607,TRUE,FALSE,English
Buozzi,124926540,142785,4036,872,75290,0,39547,5126434,TRUE,TRUE,Portuguese
LuquEt4,169456620,153855,4958,1081,74404,0,45202,2807619,TRUE,TRUE,Portuguese
NoctisAK47,189081300,171270,7264,1052,73584,0,41176,6381664,TRUE,TRUE,Thai
primeleague,144858945,30510,19013,4427,73409,0,71211,5606593,TRUE,FALSE,German
Flambass,148717500,130395,5507,1138,71953,0,26918,2319131,TRUE,TRUE,English
RTAinJapan,179880525,16155,42822,8383,71730,0,44766,2700751,TRUE,FALSE,Japanese
1PVCS,156821940,53835,23081,2256,71596,0,31807,8056327,TRUE,FALSE,French
ALLinPav,124058985,137760,6221,850,71579,0,21360,3156265,TRUE,TRUE,English
CalebDMTG,200582400,121635,5446,1608,71327,0,9005,1563033,TRUE,FALSE,English
murilo_RT,129898080,383955,8185,315,70814,0,55939,3070308,TRUE,TRUE,Portuguese
jorbs,151128345,117795,4084,1243,70609,0,20603,1410877,TRUE,FALSE,English
bebe872,217343400,212205,4965,1087,70232,0,51251,2383295,TRUE,FALSE,English
SlotRoom247,124078200,373800,20609,326,69183,0,69113,1338301,FALSE,TRUE,German
JeffHoogland,130973670,113655,3375,1070,68914,0,7290,1965274,TRUE,FALSE,English
crokeyz,292698660,163095,5916,1796,68907,0,36715,3476636,TRUE,FALSE,English
Japan_ASMR,138935670,509670,496,271,67707,0,32649,1272641,TRUE,FALSE,Japanese
allkeyshop_tv,663185955,487005,6075,1361,67472,0,26937,55639770,TRUE,FALSE,English
robn_live,137249820,133545,73664,656,66223,0,63975,1502917,TRUE,FALSE,English
chess24,207560115,82035,32856,1603,66198,0,49745,20337169,TRUE,FALSE,English
CurtisRyan,201233880,162660,7245,1205,65688,0,33141,3760730,TRUE,TRUE,English
FanHOTS,147664290,134550,2104,1090,64587,0,27948,2451118,TRUE,FALSE,English
Sigma,125477415,94695,81683,798,61206,0,54151,1334161,TRUE,TRUE,English
Steelmage,311218875,178485,10815,1696,60987,0,37839,7005761,TRUE,FALSE,English
매직박 (yagubu),126240810,66165,25478,1666,59697,0,53490,3379601,TRUE,FALSE,Korean
Multiplayerit,129567630,111795,15237,1053,58786,0,17650,30889814,TRUE,FALSE,Italian
Sologesang,139273200,123390,5120,1072,58531,0,26062,4569358,TRUE,FALSE,German
踢虧 (takesipon),164981160,111600,8103,1534,57634,0,11867,3983662,TRUE,FALSE,Chinese
BeBePtv,211307910,110010,14353,1865,57205,0,24674,63847323,TRUE,FALSE,Russian
강퀴 (kangqui),156544635,112755,10809,1400,57130,0,18133,3877756,TRUE,FALSE,Korean
スタンミ (sutanmi),217833015,80190,7854,2683,53124,0,16505,3473483,TRUE,FALSE,Japanese
LightFuryLF,142094850,111315,15139,1169,51589,0,32663,4989684,TRUE,FALSE,Thai
Kurumx,202487955,131190,16413,1543,50286,0,49439,2485867,TRUE,FALSE,English
Destructoid,122628630,103020,14566,1190,48007,0,8995,87603521,TRUE,FALSE,English
Killars,146865810,210810,4232,642,46971,0,15728,1747381,TRUE,FALSE,English
Altair,178537155,145605,3702,1183,42265,0,19448,2779740,TRUE,TRUE,French
포셔 (portialyn),180674100,128385,4498,1349,39485,0,29698,2460689,TRUE,FALSE,Korean
twlevewinsHS,174228915,102900,5425,1711,38410,0,31257,1353428,TRUE,FALSE,English
무굴 (moogrr1211),167186250,188805,2008,879,37162,0,10214,3006979,TRUE,FALSE,Korean
크캣66 (crazzyccat),123279435,192780,2543,644,35930,0,24849,1889696,TRUE,FALSE,Korean
스피드소닉 (dragon3652),132487740,243375,2379,529,35503,0,11620,4618003,TRUE,FALSE,Korean
HGmony,290461620,111360,21999,2465,34358,0,32326,90310969,FALSE,FALSE,Russian
BotanicX,144361350,71445,9135,1937,34119,0,11512,9335252,FALSE,FALSE,Russian
しゃるる (syaruru3),145193595,103995,3710,1309,33726,0,9684,3022192,TRUE,FALSE,Japanese
livekiss,269518965,517260,7435,520,31323,0,2447,1641644,TRUE,FALSE,Chinese
LigaPro1,298828170,232620,11533,1149,30986,0,29434,60922719,FALSE,FALSE,Other
칸데르니아 (jmjdoc),131408250,170865,2395,756,30877,0,9502,4337476,TRUE,FALSE,Korean
MarketTradersTV,148900110,499215,1357,297,30413,0,12081,981536,TRUE,FALSE,English
NiteNightKid,178419030,149040,29228,1127,28818,0,11998,1450208,TRUE,TRUE,English
Sinner666,124812240,24765,27996,4530,7102,0,7101,21322548,FALSE,FALSE,Russian
voicetv,162510660,514845,1874,314,3660,0,1328,4001475,TRUE,FALSE,Thai
